Year,Plot,Tag,Xcoor,Ycoor,No.leaves,Leaf.length,No.umbels,Stalk_Height,umbel.diam,YrTag,notes,tag.pulled,problem.tag,,
2022,1,3610,0,C,11,20,6,60,SOS,2016,outside plot,,,,
2022,1,3525,0,E,3,20,1,44,7.5,2017,,,,,
2022,1,3527,0,H,0,NA,NA,NA,NA,2016,NP ,,,,
2022,1,3542,0,I,5,15,4,38.5,SOS,2016,,,,,
2022,1,3599,0,I,2,16.5,1,44.5,5,2017,,,,,
2022,1,3814,0,J,1,14,2,29,SOS,2017,Tag is 3782,,,,
2022,1,3365,0,J,3,10,2,37.5,SOS,2021,,,,,
2022,1,3583,1,I,2,14.5,1,49,4.5,2017,,,,,
2022,1,3772,1,I,0,NA,NA,NA,NA,2021,NP,,,,
2022,1,3506,2,E,5,10.5,4,39,SOS,2016,,,,,
2022,1,3543,2,F,2,14.5,1,31,3,2016,,,,,
2022,1,3608,3,D,5,13,3,40.5,SOS,2016,,,,,
2022,1,3860,3,D,7,21,0,NA,NA,2016,,,,,
2022,1,3879,3,D,2,15,1,40,5.5,2016,,,,,
2022,1,3567,3,I,2,14,2,46.5,SOS,2016,,,,,
2022,1,3821,4,A,5,22,3,50.5,SOS,2017,,,,,
2022,1,3728,4,D,0,NA,NA,NA,NA,2021,NP,,,,
2022,1,3629,4,I,1,18.5,0,NA,NA,2017,,,,,
2022,1,3935,4,I,4,17,2,45,SOS,2016,,,,,
2022,1,3410,4,J,2,14,1,29,6.5,2018,,,,,
2022,1,3554,5,I,NA,NA,NA,NA,NA,2016,NPNT,,,,
2022,1,3687,5,I,1,14,0,NA,NA,2016,,,,,
2022,1,3741,5,I,6,19.5,3,37,SOS,2021,,,,,
2022,1,3645,5,J,2,14,1,33.5,5,2016,,,,,
2022,1,3126,6,D,3,17.5,2,50,SOS,2021,,,,,
2022,1,3553,7,C,0,NA,NA,NA,NA,2016,NP. Tag pulled,1,,,
2022,1,3650,7,E,0,NA,NA,NA,NA,2016,NP. Tag pulled,1,,,
2022,1,3692,7,E,1,16,0,NA,NA,2016,,,,,
2022,1,3845,7,G,2,12.5,1,26,2.5,2016,,,,,
2022,1,3611,7,I,3,13,2,39,SOS,2016,,,,,
2022,1,3627,7,I,3,15,2,38,SOS,2016,,,,,
2022,1,3744,8,A,0,NA,NA,NA,NA,2021,NP,,,,
2022,1,3046,8,B,0,NA,NA,NA,NA,2017,NP. Tag pulled,1,,,
2022,1,3982,8,B,0,NA,NA,NA,NA,2017,NP. Tag pulled,1,,,
2022,1,3930,8,G,5,17,3,46,SOS,2016,,,,,
2022,1,3151,8,H,5,20,1,34,4,2016,,,,,
2022,1,3537,8,J,0,NA,NA,NA,NA,2017,NP,,,,
2022,1,3871,8,J,0,NA,NA,NA,NA,2016,"NP, tag pulled",1,,,
2022,1,3875,9,B,0,NA,NA,NA,NA,2016,"NP, tag pulled",1,,,
2022,1,3878,9,E,0,NA,NA,NA,NA,2016,"NP, tag pulled",1,,,
2022,1,3412,9,I,2,15,1,38,6,2018,,,,,
2022,1,3411,9,J,1,11,0,NA,NA,2018,,,,,
2022,1,3430,10,A,0,NA,NA,NA,NA,2019,NP. Tag pulled,1,,,
2022,1,3430,10,A,NA,NA,NA,NA,NA,2019,NPNT,,,,
2022,1,3191,11,A,0,NA,NA,NA,NA,2019,NP. Tag pulled,1,,,
2022,1,3192,11,B,2,15,1,38,5,2019,,,,,
2022,1,3763,12,A,1,11.5,1,32.5,4.5,2021,,,,,
2022,1,3424,12,G,3,25.5,1,25,4,2019,,,,,
2022,1,3194,12,H,1,30,0,NA,NA,2019,,,,,
2022,1,3779,14,B,3,20.5,2,45,SOS,2021,,,,,
2022,1,3723,15,D,0,NA,NA,NA,NA,2021,NP,,,,
2022,1,3347,15,I,2,15,1,33,7,2019,,,,,
2022,1,3197,15,J,0,NA,NA,NA,NA,2019,NP. Tag pulled,1,,,
2022,1,3902,15,J,1,20.5,0,NA,NA,2021,,,,,
2022,1,3195,16,B,0,NA,NA,NA,NA,2019,NP,,,,
2022,1,3193,16,C,0,NA,NA,NA,NA,2019,NP,,,,
2022,1,3198,16,H,1,19,0,NA,NA,2019,,,,,
2022,1,3437,16,J,0,NA,NA,NA,NA,2019,NP,,,,
2022,1,3850,17,E,1,19.5,0,NA,NA,2021,,,,,
2022,1,3012,17,G,1,20,0,NA,NA,2021,,,,,
2022,1,3199,17,H,0,NA,NA,NA,NA,2019,NP,,,,
2022,1,3415,17,J,1,20,0,NA,NA,2019,,,,,
2022,1,3418,18,B,0,NA,NA,NA,NA,2019,NP. In 18E,,,,
2022,1,3483,18,E,0,NA,NA,NA,NA,2019,NP,,,,
2022,1,3572,18,H,0,NA,NA,NA,NA,2019,NP,,,,
2022,1,3432,19,A,2,14,2,42,SOS,2019,,,,,
2022,1,3425,19,B,0,NA,NA,NA,NA,2019,"NP, under hose. Tag pulled",1,,,
2022,1,3434,19,F,3,14,1,34,5,2019,stalk broken completely,,,,
2022,1,3200,19,I,1,17,0,NA,NA,2019,,1,,,
2022,2,3574,0,A,0,NA,NA,NA,NA,2016,NP. Tag pulled,1,,,
2022,2,3652,0,C,0,NA,NA,NA,NA,2016,NP. Tag pulled,1,,,
2022,2,3544,0,D,0,NA,NA,NA,NA,2016,NP. Tag pulled,1,,,
2022,2,3501,0,J,0,NA,NA,NA,NA,2016,NP,,,,
2022,2,3891,0,J,1,12.5,1,22,4,2017,,,,,
2022,2,3576,1,B,0,NA,NA,NA,NA,2016,NP. Tag pulled,1,,,
2022,2,3841,1,C,0,NA,NA,NA,NA,2016,NP,,,,
2022,2,3905,1,D,2,13.5,0,NA,NA,2021,,,,,
2022,2,3540,2,B,0,NA,NA,NA,NA,2016,NP. Tag pulled,1,,,
2022,2,3602,2,B,1,12.5,0,NA,NA,2021,,,,,
2022,2,3323,2,C,0,NA,NA,NA,NA,2016,NP.,,,,
2022,2,3533,2,C,0,NA,NA,NA,NA,2016,NP. Tag pulled,1,,,
2022,2,3523,2,D,0,NA,NA,NA,NA,2016,NP.,,,,
2022,2,3413,2,E,3,11,2,28,SOS,2018,,,,,
2022,2,3619,3,A,NA,NA,NA,NA,NA,2016,NPNT,,,,
2022,2,3585,3,C,0,NA,NA,NA,NA,?,NP,,,,
2022,2,3480,3,G,1,9,1,17,3.5,2018,,,,,
2022,2,3654,3,G,0,NA,NA,NA,NA,2016,NP,,,,
2022,2,3934,3,H,0,NA,NA,NA,NA,2017,NP. Tag pulled,1,,,
2022,2,3964,3,H,0,NA,NA,NA,NA,2021, NP. Separate from 3934,,,,
2022,2,3013,3,I,1,13,1,27,3,2017,,,,,
2022,2,3847,4,E,0,NA,NA,NA,NA,2016,NP,,,,
2022,2,3522,4,E,1,17,0,NA,NA,2021,,,,,
2022,2,3667,5,B,NA,NA,NA,NA,NA,2016,tag pulled in  2021,1,,,
2022,2,3698,5,J,0,NA,NA,NA,NA,2017,NP,,,,
2022,2,3749,6,B,1,16,0,NA,NA,2020,,,,,
2022,2,3858,6,B,1,20,0,NA,NA,2016,,,,,
2022,2,3477,6,C,3,15,1,28.5,2.5,2018,,,,,
2022,2,3475,6,D,0,NA,NA,NA,NA,2018,NP. Tag pulled,1,,,
2022,2,3598,6,D,1,19,0,NA,NA,2016,NP,,,,
2022,2,3623,6,E,0,NA,NA,NA,NA,2016,NP. Tag pulled,1,,,
2022,2,3549,7,A,1,13,0,NA,NA,2016,,,,,
2022,2,3668,7,A,0,NA,NA,NA,NA,2016,NP. Tag pulled,1,,,
2022,2,3861,7,A,2,10,0,NA,NA,2016,,,,,
2022,2,3703,7,C,2,11.5,2,33,SOS,2016,"2 umbels, 1 dead ",,,,
2022,2,3539,7,D,0,NA,NA,NA,NA,2016,NP.,,,,
2022,2,3476,7,E,0,NA,NA,NA,NA,2018,NP. Tag pulled,1,,,
2022,2,3584,7,F,0,NA,NA,NA,NA,2016,NP,,,,
2022,2,3597,7,H,5,16,3,40.5,SOS,2016,,,,,
2022,2,3185,7,I,1,14,0,NA,NA,2017,,,,,
2022,2,3751,8,A,2,10,2,33.5,SOS,2020,,,,,
2022,2,3502,8,B,1,24.5,0,NA,NA,2016,,,,,
2022,2,3908,8,B,2,19.5,0,NA,NA,2016,,,,,
2022,2,3844,8,C,0,NA,NA,NA,NA,?,NP. Tag pulled,1,,,
2022,2,3864,8,G,0,NA,NA,NA,NA,2016,NP. Tag pulled,1,,,
2022,2,3531,9,B,3,13,2,35.5,SOS,2016,,,,,
2022,2,3865,9,F,3,24,1,22.5,4.5,2016,,,,,
2022,2,3184,9,G,0,NA,NA,NA,NA,2019,NP,,,,
2022,2,3519,9,G,2,15,2,47,SOS,2017,,,,,
2022,2,3550,9,I,3,16,2,29,SOS,2016,,,,,
2022,2,3160,10,H,0,NA,NA,NA,NA,2019,NP. Tag pulled,1,,,
2022,2,3161,10,H,0,NA,NA,NA,NA,2019,NP. Tag pulled,1,,,
2022,2,3965,11,A,1,23,0,NA,NA,2021,,,,,
2022,2,3163,11,D,2,15,1,18.5,3,2019,,,,,
2022,2,3156,11,E,2,6,2,32.5,SOS,2019,,,,,
2022,2,3171,11,F,0,NA,NA,NA,NA,2019,"NP and tag pulled. In 2021 given new tag 3588, but in 2022 it is separate from 3588",1,1,,
2022,2,3588,11,F,1,13,0,NA,NA,2021,2021: was replacing 3171. 2022: Different plant from 3171,,1,,
2022,2,3746,11,H,0,NA,NA,NA,NA,2021,NP,,,,
2022,2,3162,11,I,0,NA,NA,NA,NA,2019,NP,,,,
2022,2,3166,12,B,2,12.5,2,29,SOS,2019,,,,,
2022,2,3169,12,J,3,9,2,33,SOS,2019,,,,,
2022,2,3159,13,H,6,14,2,23,SOS,2019,,,,,
2022,2,3168,13,J,2,19,0,NA,NA,2019,,,,,
2022,2,3164,14,B,1,10,1,18,4,2019,,,,,
2022,2,3173,14,B,NA,NA,NA,NA,NA,2019,NPNT,,,,
2022,2,3053,14,B,0,NA,NA,NA,NA,2021,NP,,,,
2022,2,3175,15,A,2,23,1,18,3,2019,,,,,
2022,2,3167,15,B,3,12.5,2,42,SOS,2019,,,,,
2022,2,3155,16,A,2,15,1,28.5,4.5,2019,,,,,
2022,2,3172,17,A,3,13,2,38,SOS,2019,,,,,
2022,2,3190,18,C,3,17,1,33,3.5,2019,,,,,
2022,2,3795,18,C,1,16.5,0,NA,NA,2021,,,,,
2022,2,3186,18,D,2,17.5,0,NA,NA,2019,,,,,
2022,2,3157,18,E,5,16,3,41,SOS,2019,,,,,
2022,2,3185,19,B,4,14,2,24,SOS,2019,,,,,
2022,2,3188,19,B,1,17.5,0,NA,NA,2019,,,,,
2022,2,3187,19,C,0,NA,NA,NA,NA,2019,NP,,,,
2022,2,3189,19,C,1,14.5,0,NA,NA,2019,,,,,
2022,2,3352,19,H,3,11,2,20,SOS,2021,,,,,
2022,2,3562,19,I,2,11.5,1,16.5,3,2021,,,,,
2022,3,3071,0,A,0,NA,NA,NA,NA,2017,NP. Tag pulled,1,,,
2022,3,3793,0,A,0,NA,NA,NA,NA,2019,NP,,,,
2022,3,3056,0,B,2,17,1,39,6,2016,,,,,
2022,3,3463,0,B,0,NA,NA,NA,NA,2018,NP. Tag pulled,1,,,
2022,3,3919,0,B,1,16,0,NA,NA,2019,,,,,
2022,3,3624,0,D,3,18,1,40,3,2016,,,,,
2022,3,3015,0,F,3,17,1,34,5,2017,,,,,
2022,3,3081,1,B,4,22,1,39,4.5,2021,,,,,
2022,3,3906,1,C,2,17,1,38,4,2017,,,,,
2022,3,3349,1,F,5,13,3,43,SOS,2016,,,,,
2022,3,3019,2,A,NA,NA,NA,NA,NA,2017,NPNT,,,,
2022,3,3462,2,A,6,18,3,53,SOS,2018,,,,,
2022,3,3036,2,B,1,22,0,NA,NA,2016,"was replaced by 3762 in 2021, but this year found both tags, and point at the same plant. Pulled the replacement tag",,1,,
2022,3,3633,2,B,1,15.5,0,NA,NA,2016,,,,,
2022,3,3762,2,B,NA,NA,NA,NA,NA,2021,"was replacing 3036, but found both. Pulled this one 3762. ",1,1,,
2022,3,3568,2,C,0,NA,NA,NA,NA,2017,NP - dactylis clump,,,,
2022,3,3799,2,D,3,23,1,47,5,2019,,,,,
2022,3,3304,3,B,4,22,2,52,SOS,2016,next to 3831,,,,
2022,3,3313,3,B,2,18,1,38,4,2016,,,,,
2022,3,3507,3,B,NA,NA,NA,NA,NA,2016,NPNT,,,,
2022,3,3651,3,B,3,22,1,33,6.5,2017,,,,,
2022,3,3831,4,B,2,29.5,0,NA,NA,2017,,,,,
2022,3,3461,4,C,1,21,0,NA,NA,2018,,,,,
2022,3,3797,4,I,3,18,2,39,SOS,2019,,,,,
2022,3,3846,6,D,2,16,1,32,4,2021,,,,,
2022,3,3796,6,E,1,14.5,1,26.5,4,2019,,,,,
2022,3,3798,6,E,2,11,1,25.5,4,2019,,,,,
2022,3,3759,15,B,7,20.5,4,58,SOS,2021,,,,,
2022,4,3656,0,D,2,11,1,36,5,2017,,,,,
2022,4,3020,0,D,0,NA,NA,NA,NA,2021,NP,,,,
2022,4,3730,0,I,3,18.5,1,37,4.5,2021,,,,,
2022,4,3805,0,J,0,NA,NA,NA,NA,2016,NP. Tag pulled,1,,,
2022,4,3154,1,A,2,20,0,NA,NA,2019,,,,,
2022,4,3812,1,D,1,15,0,NA,NA,2017,,,,,
2022,4,3064,1,H,3,11.5,0,NA,NA,2016,under hose,,,,
2022,4,3075,1,I,2,18,0,NA,NA,2016,under hose,,,,
2022,4,3152,1,I,0,NA,NA,NA,NA,2019,NP,,,,
2022,4,3660,2,G,0,NA,NA,NA,NA,2017,NP,,,,
2022,4,3691,2,H,0,NA,NA,NA,NA,2017,NP. Tag pulled,1,,,
2022,4,3787,3,G,3,17,1,36.5,4.5,2020,,,,,
2022,4,3011,3,H,0,NA,NA,NA,NA,2016,NP. Tag pulled,1,,,
2022,4,3364,3,H,4,18,3,38,SOS,2016,,,,,
2022,4,3596,3,H,1,16.5,NA,NA,NA,2021,,,,,
2022,4,3460,3,J,0,NA,NA,NA,NA,2018,NP,,,,
2022,4,3365,3,J,0,NA,NA,NA,NA,2021,NP,,,,
2022,4,3007,4,H,3,13.5,1,41,5,2016,,,,,
2022,4,3165,4,H,2,17,0,NA,NA,2019,,,,,
2022,4,3151,4,I,NA,NA,NA,NA,NA,2019,NPNT,,,,
2022,4,3680,4,J,0,NA,NA,NA,NA,2016,NP,,,,
2022,4,3458,5,F,0,NA,NA,NA,NA,2018,NP. Tag pulled,1,,,
2022,4,3459,5,H,2,15,0,NA,NA,2018,,,,,
2022,4,1411,6,G,3,19,2,48,SOS,2021,,,,,
2022,4,3786,6,H,3,19,0,NA,NA,2020,,,,,
2022,4,3571,6,J,0,NA,NA,NA,NA,2016,NP. Tag pulled,1,,,
2022,4,3983,7,I,1,13,0,NA,NA,2016,,,,,
2022,4,3122,8,J,5,14,2,43,SOS,2017,,,,***3 or 2 umbles? There are 3 measurements,
2022,4,2230,10,J,4,22.5,3,36.5,SOS,2021,,,,,
2022,4,3103,11,O,1,24,0,NA,NA,2017,,,,,
2022,4,3555,11,T,4,20,1,46,4,2016,,,,,
2022,4,3750,12,P,2,23,1,55,8,2021,,,,,
2022,4,3342,14,N,1,9.5,0,NA,NA,2016,,,,,
2022,4,3563,15,R,4,22,1,63,5.5,2016,,,,,
2022,4,3182,16,H,5,27,2,62,SOS,2019,,,,,
2022,4,3321,16,L,5,29.5,2,58,SOS,2021,next to 3732,,,,
2022,4,3735,16,M,6,26.5,3,54.5,SOS,2021,next to 3735,,,,
2022,4,3732,16,M,2,33.5,0,NA,NA,2021,,,,,
2022,4,3634,18,O,14,24.5,6,53,SOS,2016,,,,,
2022,4,3090,18,P,1,17.5,0,NA,NA,2016,,,,,
2022,5,3490,0,F,7,23.5,0,NA,NA,2019,,,,,
2022,5,3788,0,F,4,24,1,33.5,4,2020,,,,,
2022,5,3024,0,H,1,17.5,0,NA,NA,2016,,,,,
2022,5,3328,0,H,NA,NA,NA,NA,NA,2016,NPNT,,,,
2022,5,3467,0,H,5,21,0,NA,NA,2018,,,,,
2022,5,3195,1,A,4,25,0,NA,NA,?,,,,,
2022,5,3152,1,G,3,21,1,25,3.5,2017,,,,,
2022,5,5027,1,H,2,26,0,NA,NA,2021,,,,,
2022,5,3108,1,I,4,19.5,1,27,3.5,2017,, ,,,
2022,5,3105,1,J,4,17,0,NA,NA,2016,,,,,
2022,5,3468,1,J,3,30,0,NA,NA,2018,,,,,
2022,5,3148,2,C,2,19.5,1,27.5,4,2017,,,,,
2022,5,3161,2,F,4,13,3,24,SOS,2017,,,,,
2022,5,3499,2,G,3,19,2,18,SOS,2019,,,,,
2022,5,5029,2,H,1,10,0,NA,NA,2021,next to 3998,,,,
2022,5,3508,2,I,2,21,0,NA,NA,2017,,,,,
2022,5,3197,3,A,7,14,4,29,SOS,2016,,,,,
2022,5,3464,3,A,0,NA,NA,NA,NA,2018,NP. Tag pulled,1,,,
2022,5,3193,3,B,6,20.5,1,25,2.5,2016,,,,,
2022,5,3560,3,B,4,14,1,28,4,2017,"nex to 3820, close to 3D",,,,
2022,5,3194,3,C,NA,NA,NA,NA,NA,2016,NPNT,,,,
2022,5,3820,3,C,3,21,1,26,4,2017,,,,,
2022,5,5026,3,D,2,14,2,27,SOS,2021,,,,,
2022,5,3479,3,G,3,14.5,2,34.5,SOS,2019,,,,,
2022,5,3469,3,H,0,NA,NA,NA,NA,2018,"NP in 2020, tag pulled in 2022",1,,,
2022,5,3987,3,H,2,14,1,26,4,2016,,,1,,
2022,5,3998,3,H,1,22,0,NA,NA,2016,,,,,
2022,5,3125,3,I,2,18,1,28,4,2017,,,,,
2022,5,3338,3,I,3,15,2,23,SOS,2017,,,,,
2022,5,3877,3,J,3,21,1,18.5,3,2016,,,,,
2022,5,3199,4,B,5,18,2,24,SOS,2016,,,,,
2022,5,3466,4,B,2,20,0,NA,NA,2018,,,,,
2022,5,3192,4,C,0,NA,NA,NA,NA,2016,NP. Tag pulled,1,,,
2022,5,3465,4,C,5,22,2,30,SOS,2018,,,,,
2022,5,3196,4,D,6,18,2,25,SOS,2016,Maybe 2 plants,,,,
2022,5,3200,4,F,5,15,3,22,SOS,2016,,,,,
2022,5,3622,5,D,1,15,0,NA,NA,2017,,,,,
2022,5,5021,5,F,5,12.5,3,24,SOS,2021,,,,,
2022,5,3640,5,G,0,NA,NA,NA,NA,2017,NP. Tag accidentally pulled(was looking at wrong sheet. Keep an eye out for a plant here next year),1,1,,
2022,5,3484,5,H,1,18,0,NA,NA,2019,beside 5017,,,,
2022,5,3706,5,I,3,20,0,NA,NA,2017,,,,,
2022,5,3496,5,J,0,NA,NA,NA,NA,2019,NP. Tag pulled,1,,,
2022,5,3191,6,E,2,22.5,0,NA,NA,2016,,,,,
2022,5,3708,6,F,0,NA,NA,NA,NA,2017,NP,,,,
2022,5,5017,6,H,1,12.5,0,NA,NA,2021,besides 3484,,,,
2022,5,3941,7,B,5,22,0,NA,NA,2017,,,,,
2022,5,3684,7,E,2,18,0,NA,NA,2017,,,,,
2022,5,3120,7,G,4,19,0,NA,NA,2016,,,,,
2022,5,3714,7,G,2,19,0,NA,NA,2017,,,,,
2022,5,3592,7,J,0,NA,NA,NA,NA,2016,NP,,,,
2022,5,3803,8,A,NA,NA,NA,NA,NA,2017,NPNT,,,,
2022,5,3810,8,B,6,17,4,35.5,SOS,2017,,,,,
2022,5,3363,8,E,0,NA,NA,NA,NA,2016,NP. Tag pulled,1,,,
2022,5,2055,8,F,3,13,1,21,3,2021,Tag is 5022,,1,,
2022,5,3034,8,G,1,15.5,0,NA,NA,2017,,,,,
2022,5,3644,8,H,2,19,1,42,5,2017,,,,,
2022,5,3198,9,B,2,10,2,27.5,SOS,2016,,,,,
2022,5,3330,9,B,0,NA,NA,NA,NA,2016,NP. Tag pulled,1,,,
2022,5,3836,9,C,1,14,0,NA,NA,2016,,,,,
2022,5,3170,9,D,3,12.5,0,NA,NA,2016,,,,,
2022,5,3546,9,F,3,13,2,20,SOS,2017,,,,,
2022,5,3003,10,C,0,NA,NA,NA,NA,2017,NP. Tag pulled,1,,,
2022,5,3362,10,F,0,NA,NA,NA,NA,2016,NP,,,,
2022,5,3896,10,F,3,12,2,23,SOS,2017,,,,,
2022,5,3329,10,H,0,NA,NA,NA,NA,2017,NP. Tag pulled,1,,,
2022,5,5034,10,H,2,17,0,NA,NA,2021,,,,,
2022,5,3174,10,I,NA,NA,NA,NA,NA,2016,NPNT,,,,
2022,5,5033,10,I,0,NA,NA,NA,NA,2021,NP ,,,,
2022,5,3649,11,A,2,16,1,25,3.5,2017,,,,,
2022,5,3074,11,C,4,17,3,28,SOS,2017,,,,,
2022,5,3827,11,C,0,NA,NA,NA,NA,2017,NP. Tag pulled,1,,,
2022,5,3471,11,D,0,NA,NA,NA,NA,2018,NP ,,,,
2022,5,3184,11,E,0,NA,NA,NA,NA,2016,NP. Tag pulled,1,,,
2022,5,3807,11,H,1,15,0,NA,NA,2017,"2021: NPNT, maybe new tag 5023 or 5036. 2022: Found, and is 5023. Need to move data for 5023 in 2021 to this one ",,1,,
2022,5,5036,11,H,3,12,2,21,SOS,2021,definitely not 3807,,,,
2022,5,5023,11,I,NA,NA,NA,NA,NA,2021,"this one is actually tag 3807, tag pulled",1,1,,
2022,5,3615,11,J,3,20,2,29.5,SOS,2017,,,,,
2022,5,5045,12,B,4,24,1,31.5,2,2021,,,,,
2022,5,3516,12,C,5,15,2,27,SOS,2017,,,,,
2022,5,3040,12,D,0,NA,NA,NA,NA,2016,NP. Tag pulled,1,,,
2022,5,3476,12,E,3,14.5,2,28,SOS,2019,,,,,
2022,5,3109,12,F,3,11,2,22,SOS,2017,,,,,
2022,5,3361,13,A,NA,NA,NA,NA,NA,2017,NPNT,,,,
2022,5,5044,13,B,4,9,2,20,SOS,2021,,,,,
2022,5,3343,13,C,0,NA,NA,NA,NA,2016,NP. Tag pulled,1,,,
2022,5,3538,13,C,0,NA,NA,NA,NA,2017,NP. Tag pulled,1,,,
2022,5,3331,13,E,0,NA,NA,NA,NA,2017,"NP, tag really burried",,,,
2022,5,3577,13,G,0,NA,NA,NA,NA,2017,NP,,,,
2022,5,3677,13,G,1,18,0,NA,NA,?,,,,,
2022,5,5035,13,G,0,NA,NA,NA,NA,2021,NP,,,,
2022,5,3566,13,H,NA,NA,NA,NA,NA,2017,NPNT,,,,
2022,5,3470,13,I,0,NA,NA,NA,NA,2018,NP,,,,
2022,5,3093,14,A,3,20,1,28,4,2017,,,,,
2022,5,3095,14,B,NA,NA,NA,NA,NA,2016,NPNT,,,,
2022,5,3472,14,B,0,NA,NA,NA,NA,2018,NP. Tag pulled,1,,,
2022,5,3125,14,C,NA,NA,NA,NA,NA,2019,NPNT,,,,
2022,5,3988,14,C,6,19,2,32,SOS,2016,,,,,
2022,5,3060,14,D,NA,NA,NA,NA,NA,2017,NPNT,,,,
2022,5,3153,14,D,2,18,1,20,4,2017,,,,,
2022,5,3010,14,G,3,18,2,25,SOS,2016,,,,,
2022,5,3710,14,H,4,9,3,23,SOS,2016,,,,,
2022,5,3022,14,J,3,11,2,28,SOS,2016,,,,,
2022,5,3144,14,J,0,NA,NA,NA,NA,2017,NP,,,,
2022,5,5043,15,F,2,20,0,NA,NA,2021,,,,,
2022,5,3186,15,G,NA,NA,NA,NA,NA,2016,NPNT,,,,
2022,5,3984,15,H,1,18,0,NA,NA,2016,,,,,
2022,5,3488,15,I,7,20,5,25,SOS,2019,more like 12 I/J,,,,
2022,5,3127,16,B,3,9,2,26,SOS,2019,,,,,
2022,5,3833,16,B,4,18,2,22,SOS,2016,,,,,
2022,5,3907,16,B,0,NA,NA,NA,NA,2017,NP. Tag pulled,1,,,
2022,5,3124,16,D,3,15,2,30,SOS,2016,,,,,
2022,5,3067,16,F,5,14,3,28,SOS,2016,,,,,
2022,5,3697,16,G,3,20,2,23,SOS,2017,one of the umbel is dead,,,,
2022,5,3001,16,I,0,NA,NA,NA,NA,2016,NP. Tag pulled,1,,,
2022,5,3811,16,J,2,13,1,27,3,2017,,,,,
2022,5,3180,17,B,NA,NA,NA,NA,NA,2016,NPNT,,,,
2022,5,3342,17,B,NA,NA,NA,NA,NA,2016,NPNT,,,,
2022,5,3106,17,E,0,NA,NA,NA,NA,2017,NP. Tag pulled,1,,,
2022,5,3679,17,F,0,NA,NA,NA,NA,2016,NP. Tag pulled,1,,,
2022,5,3073,17,G,2,12.5,0,NA,NA,2016,,,,,
2022,5,3817,17,H,1,21,0,NA,NA,2017,,,,,
2022,5,3888,17,I,1,12,1,21,3.5,2017,Yes plant in 2022,,,,
2022,5,3474,18,A,4,20,0,NA,NA,2018,,,,,
2022,5,3685,18,B,5,19,3,30,SOS,2016,,,,,
2022,5,3180,18,C,4,14,0,NA,NA,2016,Duplicate in 17B. Could only find this tag,,,,
2022,5,3334,18,C,NA,NA,NA,NA,NA,2016,NPNT,,,,
2022,5,3135,18,D,4,11.5,3,28,SOS,2016,,,,,
2022,5,3178,18,E,5,15,2,26,SOS,2016,,,,,
2022,5,3869,18,E,2,15,1,22,4,2016,,,,,
2022,5,3473,18,G,5,16,3,32,SOS,2018,,,,,
2022,5,3713,19,F,1,15,0,NA,NA,2016,,,,,
2022,5,5042,19,G,2,14.5,1,19,3.5,2021,,,,,
2022,5,3663,19,I,4,15.5,2,25,SOS,2016,,,,,
2022,6,3070,4,G,6,22,3,64,SOS,2016,,,,,
2022,6,3008,4,J,2,27,1,51,7,2016,,,,,
2022,6,3179,5,E,5,16,3,68,SOS,2017,pulled replacement tag from 2021 (3748) - didn’t have its own row,,,,
2022,6,3790,5,I,0,NA,NA,NA,NA,2020,NP,,,,
2022,6,3916,7,C,0,NA,NA,NA,NA,2016,NP. 3918 = correct tag,,,,
2022,6,3400,8,E,2,19.5,1,48,5.5,2017,,,,,
2022,6,3048,8,J,1,20,0,NA,NA,2021,outside plot,,,,
2022,6,3791,9,J,0,NA,NA,NA,NA,2020,NP,,,,
2022,6,3518,10,I,5,14.5,3,52,SOS,2017,,,,,
2022,6,3319,11,A,7,16.5,5,55,SOS,2017,"plant accidentally pulled, won't make seeds",,,,
2022,6,3753,11,A,3,28,0,NA,NA,2021,,,,,
2022,6,3455,11,D,0,NA,NA,NA,NA,2018,NP. Tag pulled,1,,,
2022,6,3601,12,B,NA,NA,NA,NA,NA,2017,NPNT,,,,
2022,6,3360,12,C,1,23.5,2,66,SOS,2016,,,,,
2022,6,3825,12,C,0,NA,NA,NA,NA,2016,NPNT. Tag pulled,1,,,
2022,6,3345,12,D,8,19.5,5,47,SOS,2016,,,,,
2022,6,3358,12,D,6,23,4,60,SOS,2017,,,,,
2022,6,3164,13,A,2,16,1,38.5,6,2017,"replaced with 3789. 3164 pulled (2021), so tag is 3789",,,,
2022,6,3456,13,B,NA,NA,NA,NA,NA,2018,"NPNT. 7587, could be the same plant",,,,
2022,6,3489,13,B,3,19,1,48,6,2019,,,,,
2022,6,3669,14,E,4,20,3,57,SOS,2016,,,,,
2022,6,3372,14,G,2,13,1,39,8.5,2017,,,,,
2022,6,3373,14,H,1,22.5,0,NA,NA,2017,,,,,
2022,6,3141,15,E,5,19,3,50,SOS,2016,,,,,
2022,6,3785,15,G,0,NA,NA,NA,NA,2020,NP,,,,
2022,6,3777,15,G,2,13,2,49,SOS,2021,,,,,
2022,6,3733,15,G,3,16.5,2,55,SOS,2021,,,,,
2022,6,3725,15,G,5,13,3,36,SOS,2021,,,,,
2022,6,3454,15,H,0,NA,NA,NA,NA,2018,NP,,,,
2022,6,3136,16,B,5,15,3,53,SOS,2016,,,,,
2022,6,3887,16,D,4,10,3,60,SOS,2017,,,,,
2022,6,3648,16,F,8,18.5,4,43,SOS,2016,,,,,
2022,6,3630,16,I,4,18,3,65,SOS,2016,,,,,
2022,6,3465,17,F,1,17.5,0,NA,NA,2019,,,,,
2022,6,3767,17,G,1,20,0,NA,NA,2021,,,,,
2022,6,3541,18,A,0,NA,NA,NA,NA,2017,NP,,,,
2022,6,3747,18,A,0,NA,NA,NA,NA,2020,NP,,,,
2022,6,3743,18,A,3,13,2,44.5,SOS,2021,outside of plot,,,,
2022,6,3005,18,E,2,13.5,1,24,3.5,2016, ,,,,
2022,6,3140,18,F,4,20.5,3,41,SOS,2016,,,,,
2022,6,3173,18,F,4,18,4,45,SOS,2016,,,,,
2022,6,3784,18,F,0,NA,NA,NA,NA,2020,NP. Tag pulled,1,,,
2022,6,3955,18,G,5,18,1,26.5,2,2021,,,,,
2022,6,3374,18,H,2,15,1,44,5.5,2017,,,,,
2022,6,3643,18,H,6,26.5,3,52,SOS,2016,,,,,
2022,6,3466,19,B,5,21.5,3,52,SOS,2019,edge of plot,,,,
2022,6,3142,19,D,2,19,1,37,4,2016,"had repleacement tag 3792, but found both this year pointing at same plant. 2022: 3792 tag pulled",,1,,
2022,6,3570,19,F,1,20,0,NA,NA,2016,,,,,
2022,6,3773,19,F,2,18.5,2,26.5,SOS,2021,"tagged in 2021, not transferred to 2022 data sheet. ",,1,,
2022,6,3729,19,F,2,19.5,2,57,SOS,2021,"tagged in 2021, not transferred to 2022 data sheet. ",,1,,
2022,7,3453,0,C,3,22,4,49,SOS,2018,,,,,
2022,7,3981,0,D,2,17.5,2,43,SOS,2017,,,,,
2022,7,3308,0,I,NA,NA,NA,NA,NA,2017,NPNT,,,,
2022,7,5050,1,A,2,22,1,38,4,2021,,,,,
2022,7,3069,1,C,1,26.5,0,NA,NA,2016,,,,,
2022,7,3915,1,F,NA,NA,NA,NA,NA,2017,New tag is 5051. 2022: NT ,,1,,
2022,7,5051,1,F,3,22,2,47.5,SOS,2021,"new tag for 3915, in 1F",,1,,
2022,7,3327,1,H,0,NA,NA,NA,NA,2017,NP. Tag pulled,1,,,
2022,7,3370,2,A,4,24.5,1,30,4,2017,,,,,
2022,7,5049,2,D,3,26,1,44,5,2021,,,,,
2022,7,3452,2,E,8,19,4,46,SOS,2018,,,,,
2022,7,3375,3,C,2,21,2,42,SOS,2017,,,,,
2022,7,3636,3,J,1,27,0,NA,NA,2017,,,,,
2022,7,5052,3,J,2,28,0,NA,NA,2021,,,,,
2022,7,3450,4,H,4,23.5,3,49,SOS,2018,,,,,
2022,7,5053,4,J,2,17,1,35,4,2021,,,,,
2022,7,3401,5,H,1,19,1,33.5,4,2020,,,,,
2022,7,3089,5,I,2,14,2,42.5,SOS,2017,,,,,
2022,7,3794,6,I,0,NA,NA,NA,NA,2020,NP. Tag pulled,1,,,
2022,7,3443,7,A,2,24,1,43,6,2018,,,,,
2022,7,3044,7,D,3,25.5,2,47.5,SOS,2016,,,,,
2022,7,3688,7,H,2,13.5,2,38.5,SOS,2016,,,,,
2022,7,3368,7,I,3,32,1,34,3.5,2017,,,,,
2022,7,3874,8,C,4,25.5,1,53,4.5,2016,,,,,
2022,7,3100,9,B,2,20,1,37,6,2017,,,,,
2022,7,5047,9,B,5,21.5,2,46,SOS,2021,,,,,
2022,7,3296,9,C,2,18,1,54,6,2016,tag says '3298' ,,1,,
2022,7,3396,9,C,0,NA,NA,NA,NA,2016,NP. Tag pulled,1,,,
2022,7,3994,9,J,6,29,5,56,SOS,2016,,,,,
2022,7,3866,10,B,3,14,2,55,SOS,2016,"Tag says 3886, typo? No other 10B/C tag",,1,,
2022,7,5048,11,E,2,21,1,41,3.5,2021,,,,,
2022,7,3402,11,I,1,21.5,0,NA,NA,2020,,,,,
2022,7,5054,11,J,2,29,1,47.5,4.5,2021,,,,,
2022,7,3131,12,F,NA,NA,NA,NA,NA,2016,NPNT,,,,
2022,7,3403,12,I,2,20,1,56,6,2020,,,,,
2022,7,3406,12,J,1,9,1,30.5,3,2020,,,,,
2022,7,5055,12,J,NA,NA,NA,NA,NA,2021,NPNT,,,,
2022,7,3513,13,C,NA,NA,NA,NA,NA,2016,NPNT,,,,
2022,7,3696,13,D,NA,NA,NA,NA,NA,2016,NPNT,,,,
2022,7,3150,13,G,1,24,0,NA,NA,2019,,,,,
2022,7,3357,13,G,NA,NA,NA,NA,NA,2016,NPNT,,,,
2022,7,5041,13,G,1,19,0,NA,NA,2021,next to 3150,,,,
2022,7,5056,14,J,2,20,2,51,SOS,2021,,,,,
2022,7,3447,15,D,1,24,0,NA,NA,2018,,,,,
2022,7,3177,15,E,2,23,0,NA,NA,2019,,,,,
2022,7,3404,15,H,2,18,0,NA,NA,2020,,,,,
2022,7,3405,15,H,1,19.5,0,NA,NA,2020,,,,,
2022,7,3409,16,B,0,NA,NA,NA,NA,2020,entire plant clipped but present ,,,,
2022,7,3446,16,C,2,18,2,33,SOS,2018,,,,,
2022,7,3407,16,D,1,25.5,0,NA,NA,2020,,,,,
2022,7,5032,16,D,4,22,2,48,SOS,2021,,,,,
2022,7,5040,16,D,1,23.5,1,22,NA,2021,dead umbel,,,,
2022,7,3408,17,C,1,18.5,1,47,3.5,2020,,,,,
2022,7,5037,17,E,2,23,1,37,3,2021,,,,,
2022,7,5038,17,J,NA,NA,NA,NA,NA,2021,NPNT,,,,
2022,7,3176,18,I,1,32,0,NA,NA,2019,,,,,
2022,9,3639,11,0.09,2,22,0,NA,NA,2017,11K,,,,
2022,9,3059,11,0.21,NA,NA,NA,NA,NA,2017,NPNT,,,,
2022,9,3731,11,L,2,18,0,NA,NA,2021,maybe 3059?,,,,
2022,9,3609,11,P,3,19,0,NA,NA,2021,,,,,
2022,9,3770,12,L,3,20.5,1,42,4,2021,maybe 3059? ,,,,
2022,9,3690,12,R,0,NA,NA,NA,NA,2021,NP,,,,
2022,9,3442,13,0.08,2,26,0,NA,NA,2018,13L,,,,
2022,9,3183,13,0.19,2,20,1,34,4.5,2017,13L,,,,
2022,9,3143,14,0.95,6,20,3,50,SOS,2017,14T,,,,
2022,9,3666,17,H,NA,NA,NA,NA,NA,2019,NPNT,,,,
2022,9,3683,17,H,NA,NA,NA,NA,NA,2019,NPNT,,,,
2022,10,3190,1,B,3,17,2,52,SOS,2016,,,,,
2022,10,3670,4,E,0,NA,NA,NA,NA,2016,NP. Tag pulled,1,,,
2022,10,3547,4,F,3,20.5,1,55,7,2016,,,,,
2022,10,3378,5,D,2,19,0,NA,NA,2017,,,,,
2022,10,3353,5,E,4,27,2,67,SOS,2016,,,,,
2022,10,3655,6,B,3,18.5,2,64,SOS,2017,,,,,
2022,10,3637,6,B,0,NA,NA,NA,NA,2021,NP,,,,
2022,10,3929,7,C,2,17,0,NA,NA,2021,,,,,
2022,12,3425,2,I,2,14,0,NA,NA,2020,,,,,
2022,12,3002,3,B,7,16.5,3,32,SOS,2016,,,,,
2022,12,3130,3,B,NA,NA,NA,NA,NA,2019,NPNT,,,,
2022,12,3133,5,C,0,NA,NA,NA,NA,2019,NP,,,,
2022,12,3448,6,F,1,24,0,NA,NA,2018,,,,,
2022,12,3135,7,G,4,9,3,34,SOS,2019,,,,,
2022,12,3424,7,H,1,13,0,NA,NA,2020,,,,,
2022,12,3445,10,B,3,16,1,27.5,3.5,2018,,,,,
2022,12,3420,10,H,1,9.5,0,NA,NA,2020,,,,,
2022,12,3181,11,B,0,NA,NA,NA,NA,2019,NP,,,,
2022,12,3145,11,D,3,12,1,29.5,4.5,2019,,,,,
2022,12,3551,11,H,2,17.5,1,23,4.5,2016,,,,,
2022,12,3876,11,H,1,10.5,0,NA,NA,2016,,,,,
2022,12,3449,12,B,2,16,2,31,SOS,2018,,,,,
2022,12,3137,12,G,3,12.5,1,24,3.5,2019,,,,,
2022,12,3153,13,E,0,NA,NA,NA,NA,2019,"NP, tag pulled",1,,,
2022,12,3131,13,H,3,12,1,30,5,2019,,,,,
2022,12,3134,13,H,1,21.5,0,NA,NA,2019,,,,,
2022,12,3422,13,H,1,11,0,NA,NA,2020,,,,,
2022,12,3423,13,H,5,14.5,3,37,SOS,2020,"was a replacement tag for 3815, but actually separate plants",,1,,
2022,12,3444,13,H,0,NA,NA,NA,NA,2018,NP,,,,
2022,12,3815,13,H,0,NA,NA,NA,NA,2021,"NP. was a new tag for 3423 but 3815 and 3423 are different plants, not close to each other. 3815 = also NP",,1,,
2022,12,3369,14,C,1,13.5,0,NA,NA,2017,,,,,
2022,12,3419,14,C,0,NA,NA,NA,NA,2020,NP,,,,
2022,12,3439,14,G,1,19,0,NA,NA,2018,,,,,
2022,12,3761,14,G,2,14.5,0,NA,NA,2021,,,,,
2022,12,3578,15,A,7,17,3,45,SOS,2016,,,,,
2022,12,3049,15,B,2,27,0,NA,NA,?,,,,,
2022,12,3421,15,C,1,12,0,NA,NA,2020,,,,,
2022,12,3834,15,C,1,16,0,NA,NA,2016,,,,,
2022,12,3366,15,D,1,15,0,NA,NA,2017,,,,,
2022,12,3354,15,G,2,15,0,NA,NA,2016,,,,,
2022,12,3129,15,H,3,19,2,35,SOS,2019,weird split stalk,,,,
2022,12,3414,15,H,0,NA,NA,NA,NA,2020,NP,,,,
2022,12,3146,16,B,1,18,0,NA,NA,2019,,,,,
2022,12,3140,16,C,2,14,0,NA,NA,2019,,,,,
2022,12,3149,16,C,2,18,0,NA,NA,2019,,,,,
2022,12,3394,16,C,0,NA,NA,NA,NA,2017,NP,,,,
2022,12,3410,16,C,2,15,0,NA,NA,2020,,,,,
2022,12,3376,16,E,1,14.5,0,NA,NA,2017,,,,,
2022,12,3413,16,I,3,19,1,32.5,5,2020,,,,,
2022,12,3139,17,A,4,11,NA,NA,NA,2019,,,,,
2022,12,3144,17,A,0,NA,NA,NA,NA,2019,NP. Tag pulled,1,,,
2022,12,3147,17,B,1,19,0,NA,NA,2019,near plant 99,,,,
2022,12,3395,17,C,5,14,3,31,SOS,2017,,,,,
2022,12,3412,17,C,0,NA,NA,NA,NA,2020,"NP, under hose. Tag pulled",1,,,
2022,12,3148,17,D,2,17.5,0,NA,NA,2019,,,,,
2022,12,3386,17,D,1,15.5,0,NA,NA,2017,,,,,
2022,12,3451,17,D,4,16,3,44.5,SOS,2018,in clump of anthox. ,,,,
2022,12,3411,17,F,0,NA,NA,NA,NA,2020,NP. Tag pulled,1,,,
2022,12,3938,17,F,1,11.5,0,NA,NA,2021,,,,,
2022,12,3415,17,H,1,14.5,0,NA,NA,2020,,,,,
2022,12,3536,18,A,3,18,3,50.5,SOS,2016,,,,,
2022,12,3418,18,C,1,18,NA,NA,NA,2020,,,,,
2022,12,3388,18,E,1,19.5,0,NA,NA,2017,,,,,
2022,12,3132,18,F,1,12.5,0,NA,NA,2019,,,,,
2022,12,3417,18,F,NA,NA,NA,NA,NA,2020,"NPNT. New tag, 7511 may be same plant? ",,,,
2022,12,3416,18,G,1,13.5,0,NA,NA,2020,,,,,
2022,12,3768,18,G,2,16,0,NA,NA,2021,,,,,
2022,12,3226,19,D,1,7.5,0,NA,NA,2021,,,,,
2022,12,3758,19,H,1,19,0,NA,NA,2021,,,,,
2022,13,3027,0,C,1,12.5,0,NA,NA,2016,,,,,
2022,13,3421,0,C,3,19,2,30,SOS,2018,,,,,
2022,13,3422,0,C,2,14.5,1,31,5,2018,,,,,
2022,13,3428,0,D,2,16.5,1,30,3.5,2018,,,,,
2022,13,3429,0,D,2,15,1,32,8,2018,,,,,
2022,13,3431,0,D,5,15.5,2,41,SOS,2018,,,,,
2022,13,3039,0,E,NA,NA,NA,NA,NA,2016,"Found tag, but points at same plant as 3726. Probably tagged as new plant but was not new. Pulled 3039 and 3558. (both plants are these with their replacement tags) ",,1,,
2022,13,3726,0,E,2,17,1,34.5,5,2021,,,1,,
2022,13,3558,0,F,NA,NA,NA,NA,NA,2016,"found tag, points at same plant as 3769",,1,,
2022,13,3980,0,F,4,22.5,2,39,SOS,2016,,,,,
2022,13,3769,0,G,2,12,1,24,3.5,2021,probably replacement for 3558,,1,,
2022,13,3096,0,H,0,NA,NA,NA,NA,2021,NP,,,,
2022,13,3110,0,I,0,NA,NA,NA,NA,2019,"NP, tag pulled",1,,,
2022,13,3111,0,I,0,NA,NA,NA,NA,2019,"NP, tag pulled",1,,,
2022,13,3112,0,J,2,20,1,28,4,2019,,,,,
2022,13,3299,1,G,1,14,0,NA,NA,2021,,,,,
2022,13,3187,1,J,4,17,2,39,SOS,2016,,,,,
2022,13,3441,2,B,4,14,3,42,SOS,2018,,,,,
2022,13,3178,2,C,2,13,1,29.5,3.5,2017,old tag = 3387 ,,,,
2022,13,3595,2,F,0,NA,NA,NA,NA,2016,NP ,,,,
2022,13,3978,2,F,5,11,4,38,SOS,2021,,,,,
2022,13,3604,2,H,5,13,3,36,SOS,2016,,,,,
2022,13,3433,3,A,8,13.5,4,26,SOS,2018,,,,,
2022,13,3336,3,C,2,18,1,24,4,2016,,,,,
2022,13,3026,3,E,2,10,1,26,3,2021,,,,,
2022,13,3121,3,F,0,NA,NA,NA,NA,2019,"NP, tag pulled",1,,,
2022,13,3120,3,H,3,13.5,2,29,SOS,2019,,,,,
2022,13,3367,3,H,2,7,1,NA,NA,2017,stalk clipped,,1,,
2022,13,3400,3,H,2,15,0,NA,NA,2017,,,,,
2022,13,3880,4,C,6,10,3,34,SOS,2016,"2021: given new tag 3428. 2022: 3428 is a duplicate, so given new replacement tag. New tag is 7537 ",,1,,****should I say this is tag pulled? 
2022,13,3559,4,C,0,NA,NA,NA,NA,2021,"NP, next to 7537",,,,
2022,13,3122,4,F,0,NA,NA,NA,NA,2019,"NP, tag pulled",1,,,
2022,13,3709,4,F,0,NA,NA,NA,NA,2017,"NP, tag pulled",1,,,
2022,13,3778,4,H,2,14.5,0,NA,NA,2021,,,,,
2022,13,3155,5,A,3,13,1,27,4,2016,,,,,
2022,13,3826,5,A,3,15,2,37,SOS,2016,,,,,
2022,13,3382,5,C,5,8,3,32,SOS,2017,,,,,
2022,13,3123,5,H,10,12,4,34.5,SOS,2016,,,,,
2022,13,3109,5,I,0,NA,NA,NA,NA,2019,"NP, tag pulled",1,,,
2022,13,3384,6,G,3,13.5,1,21,4,2017,,,,,
2022,13,3113,6,I,NA,NA,NA,NA,NA,2019,NPNT,1,,,
2022,13,3427,6,I,2,17,0,NA,NA,2020,,,,,
2022,13,3390,7,G,6,13.5,2,32,SOS,2017,,,,,
2022,13,3780,7,J,3,13,2,33.5,SOS,2021,,,,,
2022,13,3391,7,K,2,9,1,27.5,4.5,2018,"in 7G, not K. Next to 3390",,,,
2022,13,3638,8,C,3,10,3,25,SOS,2016,,,,,
2022,13,3727,8,D,0,NA,NA,NA,NA,2021,NP,,,,
2022,13,3114,8,H,0,NA,NA,NA,NA,2019,"2021: Tag is 3429. 2022: NP, tag pulled. Probably misread for 3119 in 9H (which has a plant) ",1,1,,
2022,13,3114,8,J,0,NA,NA,NA,NA,2019,NP,,1,,
2022,13,3694,9,A,0,NA,NA,NA,NA,2018,NP,,,,
2022,13,3079,9,B,0,NA,NA,NA,NA,2016,"NP, tag pulled",1,,,
2022,13,3088,9,B,6,12,5,32,SOS,2016,,,,,
2022,13,3590,9,C,1,9.5,1,19.5,2.5,2021,,,,,
2022,13,3119,9,H,3,12.5,2,29.5,SOS,2017,old tag was 3388,,,,
2022,13,3141,10,A,NA,NA,NA,NA,NA,2019,NPNT,,,,
2022,13,3616,10,B,2,14,2,36,SOS,2016,,,,,
2022,13,3018,10,G,4,13,3,36,SOS,2017,,,,,
2022,13,3642,10,G,5,14,4,34,SOS,2016,,,,,
2022,13,3287,10,H,0,NA,NA,NA,NA,2016,"NP, tag pulled",1,,,
2022,13,3143,11,A,3,13.5,1,29,5.5,2019,,,,,
2022,13,3115,11,G,0,NA,NA,NA,NA,2019,"NP, tag pulled",1,,,
2022,13,3775,11,G,4,9.5,2,26,SOS,2021,,,,,
2022,13,3118,11,H,3,14,2,34,SOS,2019,,,,,
2022,13,3658,11,I,0,NA,NA,NA,NA,2016,NP,,,,
2022,13,3138,12,A,0,NA,NA,NA,NA,2019,NP,,,,
2022,13,3333,12,A,2,7.5,2,20,SOS,2016,,,,,
2022,13,3593,12,A,3,12.5,2,27.5,SOS,2021,,,,,
2022,13,3396,12,B,4,10,3,25,SOS,2017,,,,,
2022,13,3389,12,F,4,19,3,31,SOS,2017,tag is 3481,,,,
2022,13,3108,12,G,2,15,1,30,6.5,2019,,,,,
2022,13,3167,12,G,1,6.5,1,14.5,2.5,2016,,,,,
2022,13,3997,12,G,2,15,0,NA,NA,2021,,,,,
2022,13,3756,12,G,0,NA,NA,NA,NA,2021,NP,,,,
2022,13,3620,12,J,3,11,2,35.5,SOS,2016,,,,,
2022,13,3128,13,H,3,13,1,30,3,2016,,,,,
2022,13,3675,13,I,4,17.5,2,43.5,SOS,2016,,,,,
2022,13,3373,13,J,3,12,2,34.5,SOS,2017,,,,,
2022,13,3136,14,A,1,13,0,NA,NA,2019,,,,,
2022,13,3196,14,A,2,9,2,23,SOS,2019,umbels and leaves died,,1,,
2022,13,3042,14,B,2,11,1,31.5,3,2021,,,,,
2022,13,3500,14,C,2,19,0,NA,NA,2019,,,,,
2022,13,3724,14,C,2,17,1,27,2.5,2021,,,,,
2022,13,3498,14,D,2,11,0,NA,NA,2019,,,,,
2022,13,3375,14,F,0,NA,NA,NA,NA,2017,"NP, tag pulled",1,,,
2022,13,3515,14,G,4,11,4,35,SOS,2018,,,,,
2022,13,3359,14,H,1,11,0,NA,NA,2016,,,,,
2022,13,3705,14,H,3,13,1,25.5,2.5,2016,,,,,
2022,13,3183,15,A,0,NA,NA,NA,NA,2019,"NP, tag pulled",1,,,
2022,13,3179,15,B,2,21,0,NA,NA,2019,,,,,
2022,13,3492,15,C,0,NA,NA,NA,NA,2019,NP,,,,
2022,13,3483,15,D,0,NA,NA,NA,NA,2019,"NP, tag pulled",1,,,
2022,13,3700,15,D,0,NA,NA,NA,NA,2016,"NP, tag pulled",1,,,
2022,13,3491,15,E,2,21,0,NA,NA,2019,,,,,
2022,13,3605,15,F,5,15,3,36,SOS,2016,,,,,
2022,13,3356,15,G,0,NA,NA,NA,NA,2016,"NP, tag pulled",1,,,
2022,13,3358,16,A,5,10,3,30,SOS,2017,,,,,
2022,13,3853,16,A,6,12,4,29,SOS,2016,,,,,
2022,13,3478,16,B,3,15.5,0,NA,NA,2019,,,,,
2022,13,3355,16,C,1,13,0,NA,NA,2017,"tag is 3480, NP tag pulled",1,,,
2022,13,3356,16,C,0,NA,NA,NA,NA,2017,"NP, tag pulled",1,,,
2022,13,3385,16,D,0,NA,NA,NA,NA,2017,"NP, tag pulled",1,,,
2022,13,3389,16,D,0,NA,NA,NA,NA,2017,"NP, tag pulled",1,,,
2022,13,3494,16,D,5,11,3,30,SOS,2019,,,,,
2022,13,3376,16,F,4,11,3,40,SOS,2017,,,,,
2022,13,3419,16,F,0,NA,NA,NA,NA,2018,"NP, tag pulled",1,,,
2022,13,3023,16,G,0,NA,NA,NA,NA,2016,NP,,,,
2022,13,3117,16,H,0,NA,NA,NA,NA,2019,NP,,,,
2022,13,3154,16,J,4,15,0,NA,NA,2016,,,,,
2022,13,3357,16,J,3,13,1,27,4,2017,,,,,
2022,13,3387,17,A,1,14,0,NA,NA,2017,2021: tag is 3142. 2022: changed previously,,,,
2022,13,3396,17,A,4,12,1,27,3,2017,"duplicate, 2021 - tag changed to 3989 ",,,,
2022,13,3438,17,A,2,9,0,NA,NA,2018,given new tag 3953 in 2021 but not same plant as 3953. 3953 is NP but 3438 has one (they are in different spots),,1,,
2022,13,3126,17,B,4,18,2,32.5,SOS,2019,,,,,
2022,13,3164,17,C,2,15,1,28.5,5,2017,tag says 3614,,,,
2022,13,3497,17,C,3,15,1,25.5,2.5,2019,,,,,
2022,13,3628,17,D,4,15.5,2,27,SOS,2016,,,,,
2022,13,3397,17,G,4,14,2,26.5,SOS,2017,,,,,
2022,13,3180,17,H,2,15,1,28,4.5,2019,,,,,
2022,13,3009,17,J,0,NA,NA,NA,NA,2016,"NP, tag pulled",1,,,
2022,13,3535,18,A,0,NA,NA,NA,NA,2016,"NP, tag pulled",1,,,
2022,13,3420,18,B,0,NA,NA,NA,NA,2018,"NP, tag pulled",1,,,
2022,13,3392,18,C,2,12,0,NA,NA,2017,,,,,
2022,13,3393,18,C,0,NA,NA,NA,NA,2017,"NP, tag pulled",1,,,
2022,13,3830,18,C,0,NA,NA,NA,NA,2016,NP,,,,
2022,13,3377,18,D,1,9,0,NA,NA,2017,,,,,
2022,13,3573,18,D,NA,NA,NA,NA,NA,2016,NPNT,,,,
2022,13,3823,18,G,0,NA,NA,NA,NA,2016,"NP, tag pulled",1,,,
2022,13,3383,18,I,1,9,0,NA,NA,2017,,,,,
2022,13,3781,19,C,1,12,0,NA,NA,2021,,,,,
2022,13,3681,19,D,1,12,0,NA,NA,2016,,,,,
2022,13,3061,19,E,0,NA,NA,NA,NA,2016,NP,,,,
2022,13,3701,19,E,2,16.5,1,30,4,2016,,,,,
2022,13,3565,19,F,2,15,3,21,SOS,2016,,,,,
2022,13,3617,19,G,2,8,0,NA,NA,2016,,,,,
2022,14,3004,0,A,4,26,3,64.5,SOS,2021,one umbel eaten ,,,,
2022,14,3699,0,E,3,20,2,60,SOS,2021,,,,,
2022,14,3752,0,H,3,18,1,31,5,2021,,,,,
2022,14,3433,0,I,4,20,2,69,SOS,2020,,,,,
2022,14,3459,1,A,5,14.5,3,39,SOS,2019,"has black fungus, 1 umbel clipped, one 1/2 eaten",,,,
2022,14,3495,1,A,2,11,1,30,NA,2019,,,,,
2022,14,3464,1,B,1,9.5,1,31,3.5,2019,,,,,
2022,14,3431,1,F,2,2.5,0,NA,NA,2020,,,,,
2022,14,3754,1,F,1,22.5,0,NA,NA,2021,,,,,
2022,14,3058,2,A,2,18.5,0,NA,NA,2016,,,,,
2022,14,3350,2,A,1,15.5,0,NA,NA,2016,,,,,
2022,14,3379,2,A,0,NA,NA,NA,NA,2017,NP,,,,
2022,14,3711,2,G,2,12,1,35,3,2021,,,,,
2022,14,3432,2,J,4,19,3,54,SOS,2020,,,,,
2022,14,3383,3,A,0,NA,NA,NA,NA,2018,"NP, tag pulled",1,,,
2022,14,3469,3,A,4,16.5,2,25.5,3.5,2019,one umbel clipped ,,,,
2022,14,3626,3,A,0,NA,NA,NA,NA,2016,"NP, tag pulled",1,,,
2022,14,3035,3,B,6,14,3,44,SOS,2016,,,,,
2022,14,3776,3,J,1,19,1,28,5,2021,,,,,
2022,14,3340,4,A,0,NA,NA,NA,NA,2016,"NP, tag pulled",1,,,
2022,14,3382,4,A,1,23,0,NA,NA,2017,,,,,
2022,14,3689,4,B,0,NA,NA,NA,NA,2016,NP,,,,
2022,14,3326,4,C,0,NA,NA,NA,NA,2018,"NP, tag pulled",1,,,
2022,14,3158,4,C,3,16,2,52,SOS,2021,,,,,
2022,14,3380,5,A,0,NA,NA,NA,NA,2017,NP,,,,
2022,14,3381,5,A,0,NA,NA,NA,NA,2017,"NP, tag pulled",1,,,
2022,14,3435,5,A,0,NA,NA,NA,NA,2020,NP,,,,
2022,14,3486,5,A,0,NA,NA,NA,NA,2019,NP,,,,
2022,14,3085,5,B,0,NA,NA,NA,NA,2016,"NP, tag pulled",1,,,
2022,14,3463,5,B,2,20.5,1,41,5,2019,,,,,
2022,14,3468,5,C,1,19,0,NA,NA,2019,,,,,
2022,14,3671,5,C,4,23,2,27,SOS,2016,"more like 6D/E, not close to other 5C's, near 3926",,,,
2022,14,3385,5,D,3,16.5,1,37,4.5,2017,,,,,
2022,14,3475,5,D,1,14,0,NA,NA,2019,probably a new plant instead (was missing for 2 years),,,,
2022,14,3926,5,D,3,18,1,38,5,2016,,,,,
2022,14,3913,5,E,4,20,2,53,SOS,2016,,,,,
2022,14,3398,6,A,0,NA,NA,NA,NA,2017,NP,,,,
2022,14,3032,6,B,NA,NA,NA,NA,NA,2016,NPNT,,,,
2022,14,3300,6,B,1,25,0,NA,NA,2016,,,,,
2022,14,3430,6,B,1,21,2,30,SOS,2020,,,,,
2022,14,3534,6,B,0,NA,NA,NA,NA,2021,NP,,,,
2022,14,3487,6,C,1,21,0,NA,NA,2019,,,,,
2022,14,3816,6,G,2,20,1,47,8,2019,,,,,
2022,14,3520,7,A,0,NA,NA,NA,NA,2021,NP,,,,
2022,14,3434,7,B,0,NA,NA,NA,NA,2020,NP,,,,
2022,14,3305,7,B,2,14,1,30,3.5,2021,,,,,
2022,14,3661,7,I,5,25,3,66,SOS,2019,,,,,
2022,14,3460,7,J,0,NA,NA,NA,NA,2019,NP,,,,
2022,14,3362,8,A,0,NA,NA,NA,NA,2017,NP,,,,
2022,14,3360,8,D,4,22,3,55,SOS,2017,,,,,
2022,14,3471,9,A,0,NA,NA,NA,NA,2019,"NP, tag pulled",1,,,
2022,14,3361,9,B,1,19,0,NA,NA,2017,,,,,
2022,14,3086,9,C,3,23,2,45,SOS,2018,1 umbel eaten,,,,
2022,14,3366,9,C,3,15,2,28,SOS,2017,,,,,
2022,14,3885,9,D,2,21,1,47,5,2016,,,,,
2022,14,3764,10,B,0,NA,NA,NA,NA,2021,NP,,,,
2022,14,3607,10,D,4,17,2,48,SOS,2016,,,,,
2022,14,3682,10,D,5,20,3,42,SOS,2021,,,,,
2022,14,3084,12,A,0,NA,NA,NA,NA,2016,NP,,,,
2022,14,3493,12,B,0,NA,NA,NA,NA,2019,"NP, tag pulled",1,1,,
2022,14,3107,13,A,0,NA,NA,NA,NA,2016,NP,,,,
2022,14,3482,13,B,0,NA,NA,NA,NA,2019,NP,,,,
2022,14,3359,14,C,0,NA,NA,NA,NA,2017,NP,,,,
2022,14,3526,14,E,3,13,3,40,SOS,2019,,,,,
2022,14,3838,14,G,3,18,1,4,4,2021,,,,,
2022,14,3364,14,H,NA,NA,NA,NA,NA,2017,NPNT,,,,
2022,14,3169,15,A,1,12,0,NA,NA,2016,,,,,
2022,14,3367,15,H,6,20.5,4,41.5,SOS,2017,tag says 3363,,1,,
2022,14,3556,15,H,4,16,3,49,SOS,2019,,,,,
2022,14,3370,16,A,1,16,0,NA,NA,2017,,,,,
2022,14,3378,16,A,2,11.5,0,NA,NA,2017,,,,,
2022,14,3118,17,A,2,16,1,28.5,5,2016,,,,,
2022,14,3066,17,B,0,NA,NA,NA,NA,2019,NP,,,,
2022,14,3928,17,B,0,NA,NA,NA,NA,2016,NP,,,,
2022,14,3840,17,F,2,12.5,0,NA,NA,2019,,,,,
2022,14,3551,18,C,0,NA,NA,NA,NA,2018,"Tag says 3351, NP, tag pulled",1,,,
2022,14,3149,19,A,5,16,3,49,SOS,2016,Outside of plot,,,,
2022,14,3528,19,C,0,NA,NA,NA,NA,2019,"NP, tag pulled",1,,,
2022,14,3530,19,C,1,14,0,NA,NA,2018,,,,,
2022,14,3587,19,C,0,NA,NA,NA,NA,2016,"NP, tag pulled",1,,,
2022,14,3101,19,D,2,20,1,36,7.5,2019,,,,,
2022,14,3829,19,D,2,15,1,28,5.5,2019,outside of plot,,,,
2022,14,3712,19,E,0,NA,NA,NA,NA,2019,"NP, on edge of plot",,,,
2022,14,3346,19,F,0,NA,NA,NA,NA,2019,NP,,,,
2022,14,3440,19,F,4,18,1,30,4,2018,outside plot,,,,
2022,14,3374,19,G,1,15,0,NA,NA,2017,,,,,
2022,14,3575,19,G,2,12.5,1,20,3,2016,,,,,
2022,14,3062,19,G,0,NA,NA,NA,NA,2021,NP,,,,
2022,14,3722,19,H,0,NA,NA,NA,NA,2021,"NP, dactylis clump",,,,
2022,15,3892,0,B,6,21,3,42,SOS,2021,,,,,
2022,15,3157,0,J,NA,NA,NA,NA,NA,2016,NPNT,,,,
2022,15,3393,0,J,3,19,2,36,SOS,2017,"could be 3157, very close together",,,,
2022,15,3818,1,A,10,16.5,5,36,SOS,2016,,,,,
2022,15,3392,1,I,NA,NA,NA,NA,NA,2017,NPNT,,,,
2022,15,3063,1,J,3,22,1,47,7,2016,maybe new plant? ,,,,
2022,15,3426,1,J,2,21.5,1,30.5,5,2018,,,,,
2022,15,3427,1,J,4,19.5,2,43,SOS,2018,,,,,
2022,15,3065,2,F,9,22,3,38,SOS,2016,,,,,
2022,15,3423,2,I,3,24,2,45,SOS,2018,,,,,
2022,15,3882,2,I,4,25,2,43,SOS,2016,,,,,
2022,15,3485,3,A,13,18,6,40.5,SOS,2018,,,,,
2022,15,3341,3,H,10,24.5,7,47,SOS,2016,,,,,
2022,15,3672,3,H,0,NA,NA,NA,NA,2021,NP,,,,
2022,15,3052,3,J,4,20,2,41,SOS,2016,,,,,
2022,15,3659,4,C,10,17.5,5,49.5,SOS,2016,,,,,
2022,15,3881,5,E,2,23.5,0,NA,NA,?,,,,,
2022,15,3479,5,F,11,21,6,49,SOS,2018,,,,,
2022,15,3940,5,I,1,12.5,0,NA,NA,2016,,,,,
2022,15,3332,5,J,3,21,0,NA,NA,2016,next to 3940,,,,
2022,15,3177,6,G,7,22.5,4,36,SOS,2016,,,,,
2022,15,3068,6,I,6,17,2,49,SOS,2016,,,,,
2022,15,3417,6,I,6,20,3,53,SOS,2018,,,,,
2022,15,3095,6,J,5,20,2,42,SOS,2017,,,,,
2022,15,3472,6,J,5,22,4,43,SOS,2019,,,,,
2022,15,3017,7,G,6,19,2,36,SOS,2016,,,,,
2022,15,3083,7,I,7,17.5,3,33,SOS,2016,,,,,
2022,15,3760,8,G,2,17,0,NA,NA,2021,,,,,
2022,15,3405,8,H,0,NA,NA,NA,NA,2017,"NP, tag pulled",1,,,
2022,15,3832,8,H,0,NA,NA,NA,NA,2016,"NP, tag pulled",1,,,
2022,15,3458,8,I,2,15,1,34,4,2019,,,,,
2022,15,3863,8,I,3,15,2,27,SOS,2016,,,,,
2022,15,3771,8,J,0,NA,NA,NA,NA,2021,NP,,,,
2022,15,3402,9,F,4,19.5,0,NA,NA,2017,,,,,
2022,15,3774,9,F,3,18.5,1,51,5,2021,,,,,
2022,15,3404,9,G,4,17.5,0,NA,NA,2017,,,,,
2022,15,3014,9,I,6,14,2,19.5,SOS,2016,,,,,
2022,15,3021,9,J,4,19,2,57,SOS,2021,,,,,
2022,15,3673,10,A,3,15.5,2,44,SOS,2019,,,,,
2022,15,3500,10,D,5,16,3,49,SOS,2017,,,,,
2022,15,3734,10,H,3,16,2,32,SOS,2021,,,,,
2022,15,3303,10,J,NA,NA,NA,NA,NA,2016,NPNT,,,,
2022,15,3399,10,J,0,NA,NA,NA,NA,2017,"NP, tag pulled",1,,,
2022,15,3848,10,J,3,20,2,28,SOS,2016,,,,,
2022,15,3742,10,J,3,19.5,0,NA,NA,2021,,,,,
2022,15,3354,11,B,11,14,7,38.5,SOS,2017,,,,,
2022,15,3397,11,F,6,19,3,31.5,SOS,2018,,,,,
2022,15,3900,11,F,4,15,2,29,SOS,2016,,,,,
2022,15,3755,11,I,5,17.5,1,30,2.5,2021,,,,,
2022,15,3843,11,J,NA,NA,NA,NA,NA,2016,NPNT,,,,
2022,15,3490,12,C,3,15,2,33.5,SOS,2017,,,,,
2022,15,3495,12,C,0,NA,NA,NA,NA,2017,NP,,,,
2022,15,3765,12,D,0,NA,NA,NA,NA,2021,NP,,,,
2022,15,3612,12,E,2,14,2,29,SOS,2018,,,,,
2022,15,3737,12,E,5,17,0,NA,NA,2021,,,,,
2022,15,3615,12,F,0,NA,NA,NA,NA,2018,NP but found this tag. But tag says 3165. Was given a new tag in 2021 (3745) but pulled it this year,,1,,
2022,15,3745,12,F,0,NA,NA,NA,NA,2021,"New tag for 3615 in 2021, but found it this year. Pulled this tag",1,1,,
2022,15,3401,12,G,3,21,2,36.5,SOS,2017,,,,,
2022,15,3894,12,G,NA,NA,NA,NA,NA,2016,NPNT,,,,
2022,15,3297,12,I,4,21,2,39,SOS,2016,,,,,
2022,15,3757,13,G,3,13,2,36,SOS,2021,,,,,
2022,15,3706,13,H,4,20,2,42,SOS,2016,Tag says 3076,,,,
2022,15,3932,13,H,0,NA,NA,NA,NA,2016,"NP, tag pulled",1,,,
2022,15,3403,13,J,0,NA,NA,NA,NA,2017,"NP, tag pulled",1,,,
2022,15,3740,13,J,9,18,7,46.5,SOS,2019,Maybe 1> plants? Very close together ,,,,
2022,15,3367,14,B,0,NA,NA,NA,NA,2017,"NP, tag pulled",1,,,
2022,15,3736,14,B,5,23,4,38,SOS,2021,,,,,
2022,15,3831,14,B,5,18,1,42,7.5,2021,Tag says 3813,,,,
2022,15,3371,14,C,7,20,3,33.5,SOS,2017,,,,,
2022,15,3497,14,C,NA,NA,NA,NA,NA,2017,NPNT,,,,
2022,15,3094,14,D,NA,NA,NA,NA,NA,2016,NPNT,,,,
2022,15,3368,14,D,1,17,0,NA,NA,2018,,,,,
2022,15,3493,14,E,3,20,2,30,SOS,2017,,,,,
2022,15,3377,14,G,5,23,3,37,SOS,2017,,,,,
2022,15,3489,14,G,3,18,2,43,SOS,2017,,,,,
2022,15,3047,14,J,6,24,3,49,SOS,2018,,,,,
2022,15,3496,15,A,0,NA,NA,NA,NA,2017,"NP, tag pulled",1,,,
2022,15,3868,15,A,8,20,5,41,SOS,2016,,,,,
2022,15,3446,15,C,3,25,1,32,4,2019,,,,,
2022,15,3455,15,C,3,17,2,44.5,SOS,2019,,,,,
2022,15,3494,15,C,0,NA,NA,NA,NA,2017,"NP, tag pulled",1,,,
2022,15,3112,15,D,0,NA,NA,NA,NA,2018,"NP, tag pulled",1,,,
2022,15,3481,15,H,4,22,1,37,5.5,2018,,,,,
2022,15,3581,15,I,4,21,2,36,SOS,2016,,,,,
2022,15,3104,15,J,0,NA,NA,NA,NA,2018,"NP, tag pulled",1,,,
2022,15,3391,16,A,4,21,2,40.5,SOS,2018,,,,,
2022,15,3116,16,C,9,25,3,43,SOS,2016,,,,,
2022,15,3498,16,C,3,24,0,NA,NA,2017,,,,,
2022,15,3492,16,D,0,NA,NA,NA,NA,2017,"NP, tag pulled",1,,,
2022,15,3395,16,G,6,18,3,37.5,SOS,2017,,,,,
2022,15,3686,16,H,5,27,0,NA,NA,2016,,,,,
2022,15,3384,16,I,4,17,4,38,SOS,2017,,,,,
2022,15,3482,16,J,2,21,1,22.5,4,2018,,,,,
2022,15,3491,17,E,7,21,3,45,SOS,2017,,,,,
2022,15,3693,17,G,0,NA,NA,NA,NA,2016,"NP, tag pulled",1,,,
2022,15,3436,17,H,4,20,2,43,SOS,2018,,,,,
2022,15,3738,17,H,4,20,1,32,5,2019,,,,,
2022,15,3478,17,I,0,NA,NA,NA,NA,2018,"NP, tag pulled",1,,,
2022,15,3457,18,A,4,26,2,47,SOS,2019,,,,,
2022,15,3621,18,A,0,NA,NA,NA,NA,2021,NP,,,,
2022,15,3006,18,B,3,25,1,37,4,2018,,,,,
2022,15,3369,18,D,0,NA,NA,NA,NA,2017,"NP, tag pulled",1,,,
2022,15,3372,19,C,2,24,3,28,SOS,2017,,,,,
2022,15,3390,19,C,0,NA,NA,NA,NA,2017,"NP, tag pulled",1,,,
2022,15,3156,19,D,0,NA,NA,NA,NA,2016,"NP, tag pulled",1,,,
2022,15,3766,19,D,5,28,1,29,2.5,2021,,,,,
2022,15,3801,19,E,0,NA,NA,NA,NA,2016,"NP, tag pulled",1,,,
2022,14,7574,2,A,2,27,0,NA,NA,2022,,,,,
2022,14,7576,12,A,2,16,1,24.5,4,2022,on edge of plot,,,,
2022,14,7577,3,B,3,17,0,NA,NA,2022,,,,,
2022,14,7566,0,D,2,19.5,0,NA,NA,2022,,,,,
2022,14,7557,7,G,2,20,2,35,SOS,2022,,,,,
2022,14,7518,5,D,1,19,0,NA,NA,2022,,,,,
2022,14,7575,5,B,2,15.5,1,23.5,2,2022,,,,,
2022,14,7528,5,B,1,18.5,0,NA,NA,2022,next to 3380,,,,
2022,14,7594,10,B,2,16,0,NA,NA,2022,,,,,
2022,14,7595,10,A,1,14,0,NA,NA,2022,,,,,
2022,5,7501,3,C,2,19,0,NA,NA,2022,,,,,
2022,5,7519,3,D,1,24,0,NA,NA,2022,,,,,
2022,5,7543,6,E,1,17.5,0,NA,NA,2022,,,,,
2022,5,7542,8,D,1,19,0,NA,NA,2022,,,,,
2022,5,7512,2,G,2,19.5,0,NA,NA,2022,,,,,
2022,5,7580,3,J,2,19,0,NA,NA,2022,,,,,
2022,5,7581,4,J,1,24,0,NA,NA,2022,,,,,
2022,5,7522,3,F,4,21,1,24,2.5,2022,,,,,
2022,5,7596,4,G,1,18,0,NA,NA,2022,,,,,
2022,5,7525,6,F,1,19.5,0,NA,NA,2022,,,,,
2022,5,7524,6,H,2,16,0,NA,NA,2022,,,,,
2022,5,7597,7,F,2,16,0,NA,NA,2022,,,,,
2022,5,7526,19,E,1,9,1,22,4,2022,,,,,
2022,5,7555,18,B,2,13,1,17,4,2022,,,,,
2022,5,7546,14,G,2,14,2,24,SOS,2022,,,1,,
2022,15,7593,7,A,3,17,1,27,5,2022,,,,,
2022,15,7598,6,A,3,22,0,NA,NA,2022,,,,,
2022,15,7572,1,J,1,23,0,NA,NA,2022,,,,,
2022,15,7521,15,E,3,21,1,31.5,3.5,2022,,,,,
2022,10,7513,4,C,1,18,0,NA,NA,2022,,,,,
2022,10,7586,7,C,1,12,0,NA,NA,2022,,,,,
2022,10,7556,6,D,1,12,0,NA,NA,2022,,,,,
2022,3,7548,9,G,3,28.5,0,NA,NA,2022,,,,,
2022,3,7573,3,A,4,17,1,42,5,2022,,,,,
2022,3,7552,15,C,2,21.5,0,NA,NA,2022,,,,,
2022,3,7539,15,C,2,15,0,NA,NA,2022,,,,,
2022,4,7509,18,I,1,13,0,NA,NA,2022,,,,,
2022,4,7531,17,H,2,16.5,0,NA,NA,2022,,,,,
2022,4,7510,17,G,1,14,0,NA,NA,2022,,,,,
2022,4,7590,17,H,2,15,0,NA,NA,2022,,,,,
2022,4,7550,0,H,4,19,2,46,SOS,2022,on plot edge,,,,
2022,4,7591,9,J,2,18,2,35,SOS,2022,,,,,
2022,4,7545,9,J,2,14,1,33,5.5,2022,,,,,
2022,7,7529,11,A,2,13,0,NA,NA,2022,,,,,
2022,7,7544,6,G,2,16,1,30,2,2022,,,,,
2022,7,7520,18,I,1,18,0,NA,NA,2022,,,,,
2022,7,7538,16,F,1,24,0,NA,NA,2022,,,,,
2022,13,3953,17,A,0,NA,NA,NA,NA,2021,NP. tagged in 2021 as a replacement for 3438 but actually it’s in a different spot. NP,,1,,
2022,13,7527,3,F,1,13,0,NA,NA,2022,in rocks,,,,
2022,13,7592,7,J,4,12,2,32,SOS,2022,,,,,
2022,13,7589,6,I,2,13,0,NA,NA,2022,,,,,
2022,13,7514,17,G,1,15,0,NA,NA,2022,,,,,
2022,13,7571,9,G,2,14,0,NA,NA,2022,,,,,
2022,13,7532,12,H,2,10,2,33,SOS,2022,,,,,
2022,12,7540,8,C,1,11.5,0,NA,NA,2022,,,,,
2022,12,7511,18,F,1,13,0,NA,NA,2022,may be 3417?,,,,
2022,12,7507,16,F,2,14,0,NA,NA,2022,,,,,
2022,12,7541,16,F,2,11.5,0,NA,NA,2022,,,,,
2022,12,7530,12,E,1,15.5,0,NA,NA,2022,,,,,
2022,12,7578,11,B,1,20,0,NA,NA,2022,,,,,
2022,1,7533,2,F,1,21,0,NA,NA,2022,,,,,
2022,1,7599,0,G,1,20.5,0,NA,NA,2022,,,,,
2022,1,7505,16,D,1,21,0,NA,NA,2022,,,,,
2022,1,7535,7,I,1,7,0,NA,NA,2022,,,,,
2022,1,7536,10,J,1,10,1,41,5,2022,,,,,
2022,1,7562,10,F,1,11.5,1,22,3,2022,,,,,
2022,2,7560,17,J,1,12,0,NA,NA,2022,,,,,
2022,2,7569,14,I,2,14,0,NA,NA,2022,,,,,
2022,2,7563,7,A,1,11.5,0,NA,NA,2022,,,,,
2022,6,7587,13,A,2,15,2,50,SOS,2022,maybe 3456 (NPNT 2022),,,,
