survey.date,plot,coor,tag,no.buds,no.flowers,no.pods,no.flp,no.broken,no.seeding,no.dead,no.eaten,notes
4/19/2023,1,6I,3611,,,,,,,,,
4/19/2023,1,0J,3599,,,,,,,,,
4/19/2023,1,1G,3525,,,,,,,,,
4/19/2023,1,0D,3610,,,,,,,,,
4/19/2023,1,4E,3728,,,,,,,,,
4/19/2023,1,5J,3741,,,,,,,,,
4/19/2023,1,7E,3126,,,,,,,,,
4/19/2023,1,7E,3692,,,,,,,,,
4/19/2023,1,12A,3763,,,,,,,,,
4/19/2023,1,11B,3192,,,,,,,,,
4/19/2023,1,15A,3193,,,,,,,,,
4/19/2023,1,19A,3432,,,,,,,,,
4/19/2023,1,17E,3850,,,,,,,,,
4/19/2023,1,12G,3424,,,,,,,,,
4/19/2023,1,16I,3902,,,,,,,,,
4/19/2023,1,1F,7599,,,,,,,,,
4/19/2023,1,0I,3542,,,,,,,,,
4/19/2023,1,0I,3782,,,,,,,,,
4/19/2023,1,0I,3365,,,,,,,,,
4/19/2023,1,3C,3879,,,,,,,,,
4/19/2023,1,3C,3608,,,,,,,,,
4/19/2023,1,3C,3860,,,,,,,,,
4/19/2023,1,3E,7533,,,,,,,,,
4/19/2023,1,2F,3543,,,,,,,,,
4/19/2023,1,2I,3583,,,,,,,,,
4/19/2023,1,3I,3567,,,,,,,,,
4/19/2023,1,4H,3935,,,,,,,,,
4/19/2023,1,4I,3687,,,,,,,,,
4/19/2023,1,5I,3645,,,,,,,,,
4/19/2023,1,6I,3627,,,,,,,,,
4/19/2023,1,7H,3930,,,,,,,,,
4/19/2023,1,8H,3151,,,,,,,,,
4/19/2023,1,4I,3629,,,,,,,,,
4/19/2023,1,2B/E,3506,,,,,,,,,
4/19/2023,1,9J,3814,,,,,,,,,
4/19/2023,1,4J,3410,,,,,,,,,
4/26/2023,1,6I,3611,1,,,,,,,,
4/26/2023,1,0J,3599,,,,,,,,,
4/26/2023,1,1G,3525,,,,,,,,,
4/26/2023,1,0D,3610,,,,,,,,,
4/26/2023,1,4E,3728,,,,,,,,,
4/26/2023,1,5J,3741,,,,,,,,,
4/26/2023,1,7E,3126,,,,,,,,,
4/26/2023,1,7E,3692,,,,,,,,,
4/26/2023,1,12A,3763,,,,,,,,,
4/26/2023,1,11B,3192,,,,,,,,,
4/26/2023,1,15A,3193,,,,,,,,,
4/26/2023,1,19A,3432,,,,,,,,,
4/26/2023,1,17E,3850,,,,,,,,,
4/26/2023,1,12G,3424,,,,,,,,,
4/26/2023,1,16I,3902,,,,,,,,,
4/26/2023,1,1F,7599,,,,,,,,,
4/26/2023,1,0I,3542,,,,,,,,,
4/26/2023,1,0I,3782,,,,,,,,,
4/26/2023,1,0I,3365,,,,,,,,,
4/26/2023,1,3C,3879,,,,,,,,,
4/26/2023,1,3C,3608,,,,,,,,,
4/26/2023,1,3C,3860,,,,,,,,,
4/26/2023,1,3E,7533,,,,,,,,,
4/26/2023,1,2F,3543,,,,,,,,,
4/26/2023,1,2I,3583,,,,,,,,,
4/26/2023,1,3I,3567,,,,,,,,,
4/26/2023,1,4H,3935,,,,,,,,,
4/26/2023,1,4I,3687,,,,,,,,,
4/26/2023,1,5I,3645,,,,,,,,,
4/26/2023,1,6I,3627,,,,,,,,,
4/26/2023,1,7H,3930,,,,,,,,,
4/26/2023,1,8H,3151,,,,,,,,,
4/26/2023,1,4I,3629,,,,,,,,,
4/26/2023,1,2B/E,3506,,,,,,,,,
4/26/2023,1,9J,3814,,,,,,,,,
4/26/2023,1,4J,3410,,,,,,,,,
5/4/2023,1,6I,3611,1,1,,,,,,,
5/4/2023,1,0J,3599,,1,,,,,,,
5/4/2023,1,1G,3525,1,,,,,,,,
5/4/2023,1,0D,3610,,2,,,,,,,
5/4/2023,1,4E,3728,1,,,,,,,,
5/4/2023,1,5J,3741,,2,,,,,,,
5/4/2023,1,7E,3126,,1,,,,,,,
5/4/2023,1,7E,3692,1,,,,,,,,
5/4/2023,1,12A,3763,1,,,,,,,,
5/4/2023,1,11B,3192,1,,,,,,,,
5/4/2023,1,15A,3193,1,,,,,,,,
5/4/2023,1,19A,3432,2,,,,,,,,
5/4/2023,1,17E,3850,,1,,,,,,,
5/4/2023,1,12G,3424,1,,,,,,,,
5/4/2023,1,16I,3902,,1,,,,,,,
5/4/2023,1,1F,7599,,,,,,,,,
5/4/2023,1,0I,3542,,,,,,,,,
5/4/2023,1,0I,3782,,,,,,,,,
5/4/2023,1,0I,3365,,,,,,,,,
5/4/2023,1,3C,3879,,,,,,,,,
5/4/2023,1,3C,3608,,,,,,,,,
5/4/2023,1,3C,3860,,,,,,,,,
5/4/2023,1,3E,7533,,,,,,,,,
5/4/2023,1,2F,3543,,,,,,,,,
5/4/2023,1,2I,3583,,,,,,,,,
5/4/2023,1,3I,3567,,,,,,,,,
5/4/2023,1,4H,3935,,,,,,,,,
5/4/2023,1,4I,3687,,,,,,,,,
5/4/2023,1,5I,3645,,,,,,,,,
5/4/2023,1,6I,3627,,,,,,,,,
5/4/2023,1,7H,3930,,,,,,,,,
5/4/2023,1,8H,3151,,,,,,,,,
5/4/2023,1,4I,3629,,,,,,,,,
5/4/2023,1,2B/E,3506,,,,,,,,,
5/4/2023,1,9J,3814,,,,,,,,,
5/4/2023,1,4J,3410,,,,,,,,,
5/10/2023,1,6I,3611,1,1,,,,,,,
5/10/2023,1,0J,3599,1,1,,,,,,,
5/10/2023,1,1G,3525,,1,,,,,,,
5/10/2023,1,0D,3610,,2,,,,,,,
5/10/2023,1,4E,3728,,1,,,,,,,
5/10/2023,1,5J,3741,3,2,,,,,,,
5/10/2023,1,7E,3126,,1,,,,,,,
5/10/2023,1,7E,3692,1,,,,,,,,
5/10/2023,1,12A,3763,1,1,,,,,,,
5/10/2023,1,11B,3192,,1,,,,,,,
5/10/2023,1,15A,3193,,1,,,,,,,
5/10/2023,1,19A,3432,,2,,,,,,,
5/10/2023,1,17E,3850,,1,,,,,,,
5/10/2023,1,12G,3424,,1,,,,,,,
5/10/2023,1,16I,3902,,1,,,,,,,
5/10/2023,1,1F,7599,1,,,,,,,,
5/10/2023,1,0I,3542,1,1,,,,,,,
5/10/2023,1,0I,3782,1,,,,,,,,
5/10/2023,1,0I,3365,,1,,,,,,,
5/10/2023,1,3C,3879,,1,,,,,,,
5/10/2023,1,3C,3608,1,,,,,,,,
5/10/2023,1,3C,3860,1,,,,,,,,
5/10/2023,1,3E,7533,1,,,,,,,,
5/10/2023,1,2F,3543,1,1,,,,,,,
5/10/2023,1,2I,3583,,1,,,,,,,
5/10/2023,1,3I,3567,1,1,,,,,,,
5/10/2023,1,4H,3935,1,1,,,,,,,
5/10/2023,1,4I,3687,1,,,,,,,,
5/10/2023,1,5I,3645,1,,,,,,,,
5/10/2023,1,6I,3627,1,,,,,,,,
5/10/2023,1,7H,3930,1,1,,,,,,,
5/10/2023,1,8H,3151,,1,,,,,,,
5/10/2023,1,4I,3629,1,,,,,,,,
5/10/2023,1,2B/E,3506,,,,,,,,,
5/10/2023,1,9J,3814,,,,,,,,,
5/10/2023,1,4J,3410,,,,,,,,,
5/15/2023,1,6I,3611,,1,,1,,,,,
5/15/2023,1,0J,3599,,1,,1,,,,,
5/15/2023,1,1G,3525,1,1,,,,,,,
5/15/2023,1,0D,3610,4,,,2,,,,,
5/15/2023,1,4E,3728,,1,,,,,,,
5/15/2023,1,5J,3741,,3,,2,,,,,
5/15/2023,1,7E,3126,1,1,,,,,,,
5/15/2023,1,7E,3692,,1,,,,,,,
5/15/2023,1,12A,3763,2,1,,,,,,,
5/15/2023,1,11B,3192,1,1,,,,,,,
5/15/2023,1,15A,3193,,1,,,,,,,
5/15/2023,1,19A,3432,,2,,,,,,,
5/15/2023,1,17E,3850,,1,,,,,,,
5/15/2023,1,12G,3424,2,2,,,,,,,
5/15/2023,1,16I,3902,,,,1,,,,,
5/15/2023,1,1F,7599,,1,,,,,,,
5/15/2023,1,0I,3542,2,2,,,,,,,
5/15/2023,1,0I,3782,,1,,,,,,,
5/15/2023,1,0I,3365,,1,,,,,,,
5/15/2023,1,3C,3879,,1,,,,,,,
5/15/2023,1,3C,3608,2,1,,,,,,,
5/15/2023,1,3C,3860,,1,,,,,,,
5/15/2023,1,3E,7533,,1,,,,,,,
5/15/2023,1,2F,3543,1,1,,,,,,,
5/15/2023,1,2I,3583,,1,,,,,,,
5/15/2023,1,3I,3567,2,2,,,,,,,
5/15/2023,1,4H,3935,1,,,1,,,,,
5/15/2023,1,4I,3687,,,,,,,,,can't find
5/15/2023,1,5I,3645,,1,,,,,,,
5/15/2023,1,6I,3627,,1,,,,,,,
5/15/2023,1,7H,3930,,1,,1,,,,,
5/15/2023,1,8H,3151,1,,,1,,,,,
5/15/2023,1,4I,3629,,1,,,,,,,
5/15/2023,1,2B/E,3506,2,2,,,,,,,
5/15/2023,1,9J,3814,1,1,,,,,,,
5/15/2023,1,4J,3410,2,,,1,,,,,
5/24/2023,1,6I,3611,,,,1,,1,,,
5/24/2023,1,0J,3599,,,,1,,1,,,
5/24/2023,1,1G,3525,,,,,,2,,,
5/24/2023,1,0D,3610,,,,,,6,,,
5/24/2023,1,4E,3728,,,,1,,,,,
5/24/2023,1,5J,3741,,,,2,,4,,,
5/24/2023,1,7E,3126,,,,1,,1,,,
5/24/2023,1,7E,3692,,,,,,1,,,
5/24/2023,1,12A,3763,,,,,,,,,
5/24/2023,1,11B,3192,,,,,,,,,
5/24/2023,1,15A,3193,,,,,,,,,
5/24/2023,1,19A,3432,,,,,,,,,
5/24/2023,1,17E,3850,,,,,,,,,
5/24/2023,1,12G,3424,,,,,,,,,
5/24/2023,1,16I,3902,,,,,,,,,
5/24/2023,1,1F,7599,,,,,,1,,,
5/24/2023,1,0I,3542,,,,3,,1,,,
5/24/2023,1,0I,3782,,,,1,,,,,
5/24/2023,1,0I,3365,,,,1,,,,,
5/24/2023,1,3C,3879,,,,,,1,,,
5/24/2023,1,3C,3608,,2,,1,,,,,
5/24/2023,1,3C,3860,,,,,,1,,,
5/24/2023,1,3E,7533,,,,,,1,,,
5/24/2023,1,2F,3543,,,,1,,1,,,
5/24/2023,1,2I,3583,,,,,,1,,,
5/24/2023,1,3I,3567,,,,,,3,1,,
5/24/2023,1,4H,3935,,,,1,,1,,,
5/24/2023,1,4I,3687,,,,1,,,,,
5/24/2023,1,5I,3645,,,,,,1,,,
5/24/2023,1,6I,3627,,,,,,1,,,
5/24/2023,1,7H,3930,,,,1,,1,,,
5/24/2023,1,8H,3151,,,,2,,1,,,
5/24/2023,1,4I,3629,,,,,,1,,,
5/24/2023,1,2B/E,3506,,2,,,,2,,,
5/24/2023,1,9J,3814,,,,1,,1,,,
5/24/2023,1,4J,3410,,,,1,,2,,,
6/4/2023,1,6I,3611,,,,,,1,1,,
6/4/2023,1,0J,3599,,,,,,1,1,,
6/4/2023,1,1G,3525,,,,,,2,,,
6/4/2023,1,0D,3610,,,,,,4,2,,
6/4/2023,1,4E,3728,,,,,,,1,,
6/4/2023,1,5J,3741,,,,,,4,2,,
6/4/2023,1,7E,3126,,,,,,1,1,,
6/4/2023,1,7E,3692,,,,,,,1,,
6/4/2023,1,12A,3763,,,,,,,,,
6/4/2023,1,11B,3192,,,,,,,,,
6/4/2023,1,15A,3193,,,,,,,,,
6/4/2023,1,19A,3432,,,,,,,,,
6/4/2023,1,17E,3850,,,,,,,,,
6/4/2023,1,12G,3424,,,,,,,,,
6/4/2023,1,16I,3902,,,,,,,,,
6/4/2023,1,1F,7599,,,,,,1,,,
6/4/2023,1,0I,3542,,,,,,1,2,1,
6/4/2023,1,0I,3782,,,,,,,1,,
6/4/2023,1,0I,3365,,,,,,,1,,
6/4/2023,1,3C,3879,,,,,,1,,,
6/4/2023,1,3C,3608,,,1,,,2,,,
6/4/2023,1,3C,3860,,,,,,1,,,
6/4/2023,1,3E,7533,,,,,,1,,,
6/4/2023,1,2F,3543,,,,,,1,1,,
6/4/2023,1,2I,3583,,,,,,1,,,
6/4/2023,1,3I,3567,,,,,,2,2,,
6/4/2023,1,4H,3935,,,,,,1,1,,
6/4/2023,1,4I,3687,,,,,,,1,,
6/4/2023,1,5I,3645,,,,,,1,,,
6/4/2023,1,6I,3627,,,,,,,,1,
6/4/2023,1,7H,3930,,,,,,1,1,,
6/4/2023,1,8H,3151,,,,,,2,1,,
6/4/2023,1,4I,3629,,,,,,1,,,
6/4/2023,1,2B/E,3506,,,,,,4,,,
6/4/2023,1,9J,3814,,,,,,,2,,
6/4/2023,1,4J,3410,,,,,,3,,,
5/15/2023,1,9J,3412,1,,,1,,,,,
5/15/2023,1,9J,3411,,,,1,,,,,
5/15/2023,1,8B,3744,1,,,,,,,,untagged
5/24/2023,1,9J,3412,,1,,,,1,,,
5/24/2023,1,9J,3411,,,,1,,,,,
5/24/2023,1,8B,3744,,,,1,,,,,
6/4/2023,1,9J,3412,,,,,,2,,,
6/4/2023,1,9J,3411,,,,,,,1,,
6/4/2023,1,8B,3744,,,,,,,1,,
4/19/2023,2,11B,3166,1,,,,,,,,
4/19/2023,2,8I,3597,,,,,,,,,
4/19/2023,2,2E,3413,,,,,,,,,
4/19/2023,2,3G,3480,,,,,,,,,
4/19/2023,2,4E,3522,,,,,,,,,
4/19/2023,2,6B,3858,,,,,,,,,
4/19/2023,2,9J,3550,,,,,,,,,
4/19/2023,2,8G,3519,,,,,,,,,
4/19/2023,2,8A,3751,,,,,,,,,
4/19/2023,2,7C,3502,,,,,,,,,
4/19/2023,2,11E,3156,,,,,,,,,
4/19/2023,2,11E,3163,,,,,,,,,
4/19/2023,2,14B,3164,,,,,,,,,
4/19/2023,2,15A,3175,,,,,,,,,
4/19/2023,2,16A,3155,,,,,,,,,
4/19/2023,2,17A,3172,,,,,,,,,
4/19/2023,2,19B,3188,,,,,,,,,
4/19/2023,2,18C,3185,,,,,,,,,
4/19/2023,2,18D,3186,,,,,,,,,
4/19/2023,2,13I,3159,,,,,,,,,
4/19/2023,2,13J,3169,,,,,,,,,
4/19/2023,2,14J,3168,,,,,,,,,
4/19/2023,2,19I,3562,,,,,,,,,
4/19/2023,2,19I,3352,,,,,,,,,
4/19/2023,2,5C,3477,,,,,,,,,
4/19/2023,2,19F,3157,,,,,,,,,
4/19/2023,2,18J,7560,,,,,,,,,
4/19/2023,2,9A,3531,,,,,,,,,
4/19/2023,2,7C,3703,,,,,,,,,
4/26/2023,2,11B,3166,,1,,,,,,,
4/26/2023,2,8I,3597,1,,,,,,,,
4/26/2023,2,2E,3413,,,,,,,,,
4/26/2023,2,3G,3480,,,,,,,,,
4/26/2023,2,4E,3522,,,,,,,,,
4/26/2023,2,6B,3858,,,,,,,,,
4/26/2023,2,9J,3550,,,,,,,,,
4/26/2023,2,8G,3519,,,,,,,,,
4/26/2023,2,8A,3751,,,,,,,,,
4/26/2023,2,7C,3502,,,,,,,,,
4/26/2023,2,11E,3156,,,,,,,,,
4/26/2023,2,11E,3163,,,,,,,,,
4/26/2023,2,14B,3164,,,,,,,,,
4/26/2023,2,15A,3175,,,,,,,,,
4/26/2023,2,16A,3155,,,,,,,,,
4/26/2023,2,17A,3172,,,,,,,,,
4/26/2023,2,19B,3188,,,,,,,,,
4/26/2023,2,18C,3185,,,,,,,,,
4/26/2023,2,18D,3186,,,,,,,,,
4/26/2023,2,13I,3159,,,,,,,,,
4/26/2023,2,13J,3169,,,,,,,,,
4/26/2023,2,14J,3168,,,,,,,,,
4/26/2023,2,19I,3562,,,,,,,,,
4/26/2023,2,19I,3352,,,,,,,,,
4/26/2023,2,5C,3477,,,,,,,,,
4/26/2023,2,19F,3157,,,,,,,,,
4/26/2023,2,18J,7560,,,,,,,,,
4/26/2023,2,9A,3531,,,,,,,,,
4/26/2023,2,7C,3703,,,,,,,,,
5/4/2023,2,11B,3166,2,1,,,,,,,
5/4/2023,2,8I,3597,,1,,,,,,,
5/4/2023,2,2E,3413,,1,,,,,,,
5/4/2023,2,3G,3480,1,,,,,,,,
5/4/2023,2,4E,3522,1,,,,,,,,
5/4/2023,2,6B,3858,,1,,,,,,,
5/4/2023,2,9J,3550,,1,,,,,,,
5/4/2023,2,8G,3519,1,,,,,,,,
5/4/2023,2,8A,3751,1,,,,,,,,
5/4/2023,2,7C,3502,1,,,,,,,,
5/4/2023,2,11E,3156,1,,,,,,,,
5/4/2023,2,11E,3163,1,,,,,,,,
5/4/2023,2,14B,3164,1,,,,,,,,
5/4/2023,2,15A,3175,,1,,,,,,,
5/4/2023,2,16A,3155,,1,,,,,,,
5/4/2023,2,17A,3172,,1,,,,,,,
5/4/2023,2,19B,3188,1,,,,,,,,
5/4/2023,2,18C,3185,1,,,,,,,,
5/4/2023,2,18D,3186,1,,,,,,,,
5/4/2023,2,13I,3159,,2,,,,,,,
5/4/2023,2,13J,3169,1,,,,,,,,
5/4/2023,2,14J,3168,,1,,,,,,,
5/4/2023,2,19I,3562,,1,,,,,,,
5/4/2023,2,19I,3352,,1,,,,,,,
5/4/2023,2,5C,3477,,,,,,,,,
5/4/2023,2,19F,3157,,,,,,,,,
5/4/2023,2,18J,7560,,,,,,,,,
5/4/2023,2,9A,3531,,,,,,,,,
5/4/2023,2,7C,3703,,,,,,,,,
5/10/2023,2,11B,3166,,2,,1,,,,,
5/10/2023,2,8I,3597,1,1,,,,,,,
5/10/2023,2,2E,3413,,1,,,,,,,
5/10/2023,2,3G,3480,,1,,,,,,,
5/10/2023,2,4E,3522,,1,,,,,,,
5/10/2023,2,6B,3858,,1,,,,,,,
5/10/2023,2,9J,3550,,1,,,,,,,
5/10/2023,2,8G,3519,,1,,,,,,,
5/10/2023,2,8A,3751,,1,,,,,,,
5/10/2023,2,7C,3502,,1,,,,,,,
5/10/2023,2,11E,3156,,1,,,,,,,
5/10/2023,2,11E,3163,,1,,,,,,,
5/10/2023,2,14B,3164,,1,,,,,,,
5/10/2023,2,15A,3175,1,1,,,,,,,
5/10/2023,2,16A,3155,1,1,,,,,,,
5/10/2023,2,17A,3172,,1,,,,,,,
5/10/2023,2,19B,3188,1,,,,,,,,
5/10/2023,2,18C,3185,1,1,,,,,,,
5/10/2023,2,18D,3186,,1,,,,,,,
5/10/2023,2,13I,3159,1,2,,,,,,,
5/10/2023,2,13J,3169,,1,,,,,,,
5/10/2023,2,14J,3168,1,1,,,,,,,
5/10/2023,2,19I,3562,,1,,,,,,,
5/10/2023,2,19I,3352,,1,,,,,,,
5/10/2023,2,5C,3477,1,,,,,,,,
5/10/2023,2,19F,3157,1,,,,,,,,
5/10/2023,2,18J,7560,1,,,,,,,,
5/10/2023,2,9A,3531,,,,,,,,,
5/10/2023,2,7C,3703,,,,,,,,,
5/15/2023,2,11B,3166,,,,3,,,,,
5/15/2023,2,8I,3597,1,,,1,,,,,
5/15/2023,2,2E,3413,,,,1,,,,,
5/15/2023,2,3G,3480,,,,1,,,,,
5/15/2023,2,4E,3522,,,,1,,,,,
5/15/2023,2,6B,3858,,,,1,,,,,
5/15/2023,2,9J,3550,1,,,1,,,,,
5/15/2023,2,8G,3519,,,,1,,,,,
5/15/2023,2,8A,3751,,1,,,,,,,
5/15/2023,2,7C,3502,,,,1,,,,,
5/15/2023,2,11E,3156,1,,,1,,,,,
5/15/2023,2,11E,3163,,,,1,,,,,
5/15/2023,2,14B,3164,,1,,,,,,,
5/15/2023,2,15A,3175,1,1,,,,,,,
5/15/2023,2,16A,3155,1,,,1,,,,,
5/15/2023,2,17A,3172,1,,,1,,,,,
5/15/2023,2,19B,3188,,1,,,,,,,
5/15/2023,2,18C,3185,1,1,,,,,,,
5/15/2023,2,18D,3186,,1,,,,,,,
5/15/2023,2,13I,3159,2,2,,2,,,,,
5/15/2023,2,13J,3169,,1,,,,,,,
5/15/2023,2,14J,3168,1,,,1,,,,,
5/15/2023,2,19I,3562,,1,,,,,,,
5/15/2023,2,19I,3352,,,,1,,,,,
5/15/2023,2,5C,3477,,1,,,,,,,
5/15/2023,2,19F,3157,,1,,,,,,,
5/15/2023,2,18J,7560,,1,,,,,,,
5/15/2023,2,9A,3531,1,,,,,,,,
5/15/2023,2,7C,3703,1,,,,,,,,
5/24/2023,2,11B,3166,,,,,,2,1,,
5/24/2023,2,8I,3597,,,,,,2,,,
5/24/2023,2,2E,3413,,,,1,,,,,
5/24/2023,2,3G,3480,,,,,,1,,,
5/24/2023,2,4E,3522,,,,,,1,,,
5/24/2023,2,6B,3858,,,,,,,1,,
5/24/2023,2,9J,3550,,,,,,2,,,
5/24/2023,2,8G,3519,,,,,,,1,,
5/24/2023,2,8A,3751,,,,,,1,,,
5/24/2023,2,7C,3502,,,,1,,,,,
5/24/2023,2,11E,3156,,,,,,2,,,
5/24/2023,2,11E,3163,,,,,,,,,umbel chewed off
5/24/2023,2,14B,3164,,,,,,1,,,
5/24/2023,2,15A,3175,,,,,,1,1,,
5/24/2023,2,16A,3155,,,,,,2,,,
5/24/2023,2,17A,3172,,,,,,2,,,
5/24/2023,2,19B,3188,,,,,,1,,,
5/24/2023,2,18C,3185,,,,,,2,,,
5/24/2023,2,18D,3186,,,,,,1,,,
5/24/2023,2,13I,3159,,,,,,4,2,,
5/24/2023,2,13J,3169,,,,,,1,,,
5/24/2023,2,14J,3168,,,,,,2,,,
5/24/2023,2,19I,3562,,,,,,1,,,
5/24/2023,2,19I,3352,,,,,,,1,,
5/24/2023,2,5C,3477,,,,,,,1,,
5/24/2023,2,19F,3157,,,,,,1,,,
5/24/2023,2,18J,7560,,,,,,1,,,
5/24/2023,2,9A,3531,,,,1,,,,,
5/24/2023,2,7C,3703,,,,,,1,,,
6/4/2023,2,11B,3166,,,,,,2,1,,
6/4/2023,2,8I,3597,,,,,,1,,1,
6/4/2023,2,2E,3413,,,,,,,1,,
6/4/2023,2,3G,3480,,,,,,1,,,
6/4/2023,2,4E,3522,,,,,,1,,,
6/4/2023,2,6B,3858,,,,,,,1,,
6/4/2023,2,9J,3550,,,,,,2,,,
6/4/2023,2,8G,3519,,,,,,,,,
6/4/2023,2,8A,3751,,,,,,,1,,
6/4/2023,2,7C,3502,,,,,,,1,,
6/4/2023,2,11E,3156,,,,,,1,1,,
6/4/2023,2,11E,3163,,,,,,,,1,
6/4/2023,2,14B,3164,,,,,,,1,,
6/4/2023,2,15A,3175,,,,,,1,1,,
6/4/2023,2,16A,3155,,,,,,2,,,
6/4/2023,2,17A,3172,,,,,,,2,,
6/4/2023,2,19B,3188,,,,,,1,,,
6/4/2023,2,18C,3185,,,,,,,2,,
6/4/2023,2,18D,3186,,,,,,1,,,
6/4/2023,2,13I,3159,,,,,,4,2,,
6/4/2023,2,13J,3169,,,,,,1,,,
6/4/2023,2,14J,3168,,,,,,1,1,,
6/4/2023,2,19I,3562,,,,,,,1,,
6/4/2023,2,19I,3352,,,,,,,1,,
6/4/2023,2,5C,3477,,,,,,,,,stalk broken off
6/4/2023,2,19F,3157,,,,,,,,1,
6/4/2023,2,18J,7560,,,,,,1,,,
6/4/2023,2,9A,3531,,,,,,,1,,
6/4/2023,2,7C,3703,,,,,,1,,,
4/26/2023,3,2A,3462,1,,,,,,,,
4/26/2023,3,9H,7548,1,,,,,,,,
4/26/2023,3,15A,3759,,1,,,,,,,
4/26/2023,3,0F,3015,,,,,,,,,
4/26/2023,3,1F,3349,,,,,,,,,
4/26/2023,3,1B,3056,,,,,,,,,
4/26/2023,3,1B,3919,,,,,,,,,
4/26/2023,3,1C,3906,,,,,,,,,
4/26/2023,3,3A,3651,,,,,,,,,
4/26/2023,3,3C,3831,,,,,,,,,
4/26/2023,3,4C,3304,,,,,,,,,
4/26/2023,3,3B,7573,,,,,,,,,
4/26/2023,3,4I,3797,,,,,,,,,
4/26/2023,3,7E,3846,,,,,,,,,
4/26/2023,3,6E,3796,,,,,,,,,
4/26/2023,3,7I,7670,,,,,,,,,
4/26/2023,3,15D,7552,,,,,,,,,
4/26/2023,3,15A,7684,,,,,,,,,
4/26/2023,3,1A,3081,,,,,,,,,
4/26/2023,3,0D,3624,,,,,,,,,
4/26/2023,3,4A,3313,,,,,,,,,
4/26/2023,3,3C,3799,,,,,,,,,
4/26/2023,3,17B,7539,,,,,,,,,
4/26/2023,3,18E,7565,,,,,,,,,
5/4/2023,3,2A,3462,,1,,,,,,,
5/4/2023,3,9H,7548,1,1,,,,,,,
5/4/2023,3,15A,3759,1,1,,,,,,,
5/4/2023,3,0F,3015,,1,,,,,,,
5/4/2023,3,1F,3349,1,,,,,,,,
5/4/2023,3,1B,3056,,1,,,,,,,
5/4/2023,3,1B,3919,1,,,,,,,,
5/4/2023,3,1C,3906,1,,,,,,,,
5/4/2023,3,3A,3651,1,,,,,,,,
5/4/2023,3,3C,3831,,1,,,,,,,
5/4/2023,3,4C,3304,1,,,,,,,,
5/4/2023,3,3B,7573,,1,,,,,,,
5/4/2023,3,4I,3797,1,,,,,,,,
5/4/2023,3,7E,3846,,1,,,,,,,
5/4/2023,3,6E,3796,1,,,,,,,,
5/4/2023,3,7I,7670,,1,,,,,,,
5/4/2023,3,15D,7552,,1,,,,,,,
5/4/2023,3,15A,7684,,1,,,,,,,
5/4/2023,3,1A,3081,,,,,,,,,
5/4/2023,3,0D,3624,,,,,,,,,
5/4/2023,3,4A,3313,,,,,,,,,
5/4/2023,3,3C,3799,,,,,,,,,
5/4/2023,3,17B,7539,,,,,,,,,
5/4/2023,3,18E,7565,,,,,,,,,
5/10/2023,3,2A,3462,1,1,,,,,,,
5/10/2023,3,9H,7548,2,1,,,,,,,
5/10/2023,3,15A,3759,1,1,,,,,,,
5/10/2023,3,0F,3015,,1,,,,,,,
5/10/2023,3,1F,3349,,1,,,,,,,
5/10/2023,3,1B,3056,,1,,,,,,,
5/10/2023,3,1B,3919,,1,,,,,,,
5/10/2023,3,1C,3906,1,,,,,,,,
5/10/2023,3,3A,3651,1,,,,,,,,
5/10/2023,3,3C,3831,,1,,,,,,,
5/10/2023,3,4C,3304,,1,,,,,,,
5/10/2023,3,3B,7573,,1,,,,,,,
5/10/2023,3,4I,3797,,1,,,,,,,
5/10/2023,3,7E,3846,,1,,,,,,,
5/10/2023,3,6E,3796,,1,,,,,,,
5/10/2023,3,7I,7670,,1,,,,,,,
5/10/2023,3,15D,7552,1,1,,,,,,,
5/10/2023,3,15A,7684,1,,,1,,,,,
5/10/2023,3,1A,3081,1,,,,,,,,
5/10/2023,3,0D,3624,1,,,,,,,,
5/10/2023,3,4A,3313,1,,,,,,,,
5/10/2023,3,3C,3799,1,,,,,,,,
5/10/2023,3,17B,7539,1,,,,,,,,
5/10/2023,3,18E,7565,,,,,,,,,
5/15/2023,3,2A,3462,1,,,1,,,,,
5/15/2023,3,9H,7548,,2,,1,,,,,
5/15/2023,3,15A,3759,,2,,1,,,,,
5/15/2023,3,0F,3015,2,1,,,,,,,
5/15/2023,3,1F,3349,2,,,1,,,,,
5/15/2023,3,1B,3056,,1,,,,,,,
5/15/2023,3,1B,3919,,1,,,,,,,
5/15/2023,3,1C,3906,,1,,,,,,,
5/15/2023,3,3A,3651,,1,,,,,,,
5/15/2023,3,3C,3831,1,,,1,,,,,
5/15/2023,3,4C,3304,,1,,,,,,,
5/15/2023,3,3B,7573,1,1,,,,,,,
5/15/2023,3,4I,3797,,1,,,,,,,
5/15/2023,3,7E,3846,1,,,1,,,,,
5/15/2023,3,6E,3796,,,,1,,,,,
5/15/2023,3,7I,7670,,1,,,,,,,
5/15/2023,3,15D,7552,2,,,1,,,,,
5/15/2023,3,15A,7684,,1,,1,,,,,
5/15/2023,3,1A,3081,,1,,,,,,,
5/15/2023,3,0D,3624,,1,,,,,,,
5/15/2023,3,4A,3313,1,,,,,,,,
5/15/2023,3,3C,3799,,1,,,,,,,
5/15/2023,3,17B,7539,,1,,,,,,,
5/15/2023,3,18E,7565,,1,,,,,,,
5/25/2023,3,2A,3462,,,,,,2,,,
5/25/2023,3,9H,7548,,,,,,3,,,
5/25/2023,3,15A,3759,,,,,,2,1,,
5/25/2023,3,0F,3015,,,,,,3,,,
5/25/2023,3,1F,3349,,,,,,3,,,
5/25/2023,3,1B,3056,,,,,,1,,,
5/25/2023,3,1B,3919,,,,,,1,,,
5/25/2023,3,1C,3906,,,,,,1,,,
5/25/2023,3,3A,3651,,,,,,1,,,
5/25/2023,3,3C,3831,,,,,,2,,,
5/25/2023,3,4C,3304,,,,,,1,,,
5/25/2023,3,3B,7573,,,,,,2,,,
5/25/2023,3,4I,3797,,1,,,,1,,,
5/25/2023,3,7E,3846,,,,,,2,,,
5/25/2023,3,6E,3796,,,,,,1,,,
5/25/2023,3,7I,7670,,,,,,1,,,
5/25/2023,3,15D,7552,,,,,,3,,,
5/25/2023,3,15A,7684,,,,,,1,1,,
5/25/2023,3,1A,3081,,,,,,1,,,
5/25/2023,3,0D,3624,,,,,,1,,,
5/25/2023,3,4A,3313,,,,,,1,,,
5/25/2023,3,3C,3799,,,,,,1,,,
5/25/2023,3,17B,7539,,,,,,1,,,
5/25/2023,3,18E,7565,,,,,,1,,,
6/4/2023,3,2A,3462,,,,,,,2,,
6/4/2023,3,9H,7548,,,,,,2,1,,
6/4/2023,3,15A,3759,,,,,,1,2,,
6/4/2023,3,0F,3015,,,,,,2,1,,
6/4/2023,3,1F,3349,,,,,,3,,,
6/4/2023,3,1B,3056,,,,,,,,1,
6/4/2023,3,1B,3919,,,,,,1,,,
6/4/2023,3,1C,3906,,,,,,,1,,
6/4/2023,3,3A,3651,,,,,,1,,,
6/4/2023,3,3C,3831,,,,,,,2,,
6/4/2023,3,4C,3304,,,,,,1,,,
6/4/2023,3,3B,7573,,,,,,2,,,
6/4/2023,3,4I,3797,,,,,,1,,1,
6/4/2023,3,7E,3846,,,,,,2,,,
6/4/2023,3,6E,3796,,,,,,,1,,
6/4/2023,3,7I,7670,,,,,,1,,,
6/4/2023,3,15D,7552,,,,,,,3,,
6/4/2023,3,15A,7684,,,,,,,1,1,
6/4/2023,3,1A,3081,,,,,,,,1,
6/4/2023,3,0D,3624,,,,,,1,,,
6/4/2023,3,4A,3313,,,,,,,1,,
6/4/2023,3,3C,3799,,,,,,1,,,
6/4/2023,3,17B,7539,,,,,,,1,,
6/4/2023,3,18E,7565,,,,,,1,,,
4/19/2023,4,0A,7696,1,,,,,,,,
4/19/2023,4,8H,1411,1,,,,,,,,
4/19/2023,4,2H,3596,1,,,,,,,,
4/19/2023,4,10J,2230,1,,,,,,,,
4/19/2023,4,0H,7550,,,,,,,,,
4/19/2023,4,3J,3364,,,,,,,,,
4/19/2023,4,0J,3730,,,,,,,,,
4/19/2023,4,9J,7591,,,,,,,,,
4/19/2023,4,8J,3122,,,,,,,,,
4/19/2023,4,17H,3182,,,,,,,,,
4/19/2023,4,3I,3787,,,,,,,,,
4/19/2023,4,8H,3786,,,,,,,,,
4/19/2023,4,0C,3656,,,,,,,,,
4/26/2023,4,0A,7696,,2,,,,,,,
4/26/2023,4,8H,1411,,1,,,,,,,
4/26/2023,4,2H,3596,1,,,,,,,,
4/26/2023,4,10J,2230,1,,,,,,,,
4/26/2023,4,0H,7550,1,,,,,,,,
4/26/2023,4,3J,3364,1,,,,,,,,
4/26/2023,4,0J,3730,,,,,,,,,
4/26/2023,4,9J,7591,,,,,,,,,
4/26/2023,4,8J,3122,,,,,,,,,
4/26/2023,4,17H,3182,,,,,,,,,
4/26/2023,4,3I,3787,,,,,,,,,
4/26/2023,4,8H,3786,,,,,,,,,
4/26/2023,4,0C,3656,,,,,,,,,
5/4/2023,4,0A,7696,2,2,,,,,,,
5/4/2023,4,8H,1411,2,1,,,,,,,
5/4/2023,4,2H,3596,,1,,,,,,,
5/4/2023,4,10J,2230,2,1,,,,,,,
5/4/2023,4,0H,7550,,1,,,,,,,
5/4/2023,4,3J,3364,1,2,,,,,,,
5/4/2023,4,0J,3730,1,,,,,,,,
5/4/2023,4,9J,7591,1,,,,,,,,
5/4/2023,4,8J,3122,,2,,,,,,,
5/4/2023,4,17H,3182,,1,,,,,,,
5/4/2023,4,3I,3787,,,,,,,,,
5/4/2023,4,8H,3786,,,,,,,,,
5/4/2023,4,0C,3656,,,,,,,,,
5/10/2023,4,0A,7696,1,1,,2,,,,,
5/10/2023,4,8H,1411,,2,,1,,,,,
5/10/2023,4,2H,3596,1,1,,,,,,,
5/10/2023,4,10J,2230,,2,,1,,,,,
5/10/2023,4,0H,7550,1,1,,,,,,,
5/10/2023,4,3J,3364,1,3,,,,,,,
5/10/2023,4,0J,3730,,1,,,,,,,
5/10/2023,4,9J,7591,,1,,,,,,,
5/10/2023,4,8J,3122,,2,,,,,,,
5/10/2023,4,17H,3182,,,,,,,,,NP - digging around tag by animal?
5/10/2023,4,3I,3787,1,,,,,,,,
5/10/2023,4,8H,3786,1,,,,,,,,
5/10/2023,4,0C,3656,,,,,,,,,
5/15/2023,4,0A,7696,,2,,2,,,,,
5/15/2023,4,8H,1411,,2,,1,,,,,
5/15/2023,4,2H,3596,,1,,1,,,,,
5/15/2023,4,10J,2230,,2,,1,,,,,
5/15/2023,4,0H,7550,,1,,1,,,,,
5/15/2023,4,3J,3364,1,2,,2,,,,,
5/15/2023,4,0J,3730,,1,,,,,,,
5/15/2023,4,9J,7591,1,1,,,,,,,
5/15/2023,4,8J,3122,2,2,,,,,,,
5/15/2023,4,17H,3182,,,,,,,,,
5/15/2023,4,3I,3787,,1,,,,,,,
5/15/2023,4,8H,3786,,1,,,,,,,
5/15/2023,4,0C,3656,1,,,,,,,,
5/26/2023,4,0A,7696,,,,2,,2,,,
5/26/2023,4,8H,1411,,,,,,2,1,,
5/26/2023,4,2H,3596,,,,,,2,,,
5/26/2023,4,10J,2230,,,,,,2,1,,
5/26/2023,4,0H,7550,,,,,,2,,,
5/26/2023,4,3J,3364,,,,,,4,1,,
5/26/2023,4,0J,3730,,,,,,1,,,
5/26/2023,4,9J,7591,,1,,,,1,,,
5/26/2023,4,8J,3122,,,,,,3,1,,
5/26/2023,4,17H,3182,,,,,,,,,
5/26/2023,4,3I,3787,,,,,,1,,,
5/26/2023,4,8H,3786,,,,,,1,,,
5/26/2023,4,0C,3656,,,,,,1,,,
6/2/2023,4,0A,7696,,,,,,2,2,,
6/2/2023,4,8H,1411,,,,,,2,1,,
6/2/2023,4,2H,3596,,,,,,2,,,
6/2/2023,4,10J,2230,,,,,,2,1,,
6/2/2023,4,0H,7550,,,,,,1,1,,
6/2/2023,4,3J,3364,,,,,,4,1,,
6/2/2023,4,0J,3730,,,,,,1,,,
6/2/2023,4,9J,7591,,,,,,1,1,,
6/2/2023,4,8J,3122,,,,,,3,1,,
6/2/2023,4,17H,3182,,,,,,,,,
6/2/2023,4,3I,3787,,,,,,1,,,
6/2/2023,4,8H,3786,,,,,,1,,,
6/2/2023,4,0C,3656,,,,,,1,,,
4/19/2023,5,0H,3152,,1,,,,,,,
4/19/2023,5,1H,7570,1,,,,,,,,
4/19/2023,5,3G,3987,1,,,,,,,,
4/19/2023,5,3B,3560,1,,,,,,,,
4/19/2023,5,4A,3199,1,,,,,,,,
4/19/2023,5,10G,3896,1,,,,,,,,
4/19/2023,5,10I,3807,1,,,,,,,,
4/19/2023,5,17H,3697,1,,,,,,,,
4/19/2023,5,13J,3488,2,,,,,,,,
4/19/2023,5,18J,3888,1,,,,,,,,
4/19/2023,5,0G,3788,,,,,,,,,
4/19/2023,5,1H,3499,,,,,,,,,
4/19/2023,5,0I,3468,,,,,,,,,
4/19/2023,5,2I,3125,,,,,,,,,
4/19/2023,5,3J,3877,,,,,,,,,
4/19/2023,5,4E,3200,,,,,,,,,
4/19/2023,5,5E,5021,,,,,,,,,
4/19/2023,5,5I,3484,,,,,,,,,
4/19/2023,5,6G,3708,,,,,,,,,
4/19/2023,5,6G,7597,,,,,,,,,
4/19/2023,5,7I,3714,,,,,,,,,
4/19/2023,5,3B,3465,,,,,,,,,
4/19/2023,5,5C,3196,,,,,,,,,
4/19/2023,5,8C,3941,,,,,,,,,
4/19/2023,5,9F,5022,,,,,,,,,
4/19/2023,5,9H,3644,,,,,,,,,
4/19/2023,5,11F,3476,,,,,,,,,
4/19/2023,5,10H,5034,,,,,,,,,
4/19/2023,5,15D,3153,,,,,,,,,
4/19/2023,5,17B,3127,,,,,,,,,
4/19/2023,5,17B,3833,,,,,,,,,
4/19/2023,5,19B,7555,,,,,,,,,
4/19/2023,5,19B,3685,,,,,,,,,
4/19/2023,5,19C,3135,,,,,,,,,
4/19/2023,5,18F,3473,,,,,,,,,
4/19/2023,5,18C,3869,,,,,,,,,
4/19/2023,5,17D,3067,,,,,,,,,
4/26/2023,5,0H,3152,,1,,,,,,,
4/26/2023,5,1H,7570,1,,,,,,,,
4/26/2023,5,3G,3987,1,,,,,,,,
4/26/2023,5,3B,3560,2,,,,,,,,
4/26/2023,5,4A,3199,,1,,,,,,,
4/26/2023,5,10G,3896,,1,,,,,,,
4/26/2023,5,10I,3807,,1,,,,,,,
4/26/2023,5,17H,3697,,1,,,,,,,
4/26/2023,5,13J,3488,3,,,,,,,,
4/26/2023,5,18J,3888,,1,,,,,,,
4/26/2023,5,0G,3788,,1,,,,,,,weird
4/26/2023,5,1H,3499,1,,,,,,,,
4/26/2023,5,0I,3468,1,,,,,,,,
4/26/2023,5,2I,3125,1,,,,,,,,
4/26/2023,5,3J,3877,1,,,,,,,,
4/26/2023,5,4E,3200,1,,,,,,,,
4/26/2023,5,5E,5021,1,,,,,,,,
4/26/2023,5,5I,3484,1,,,,,,,,
4/26/2023,5,6G,3708,1,,,,,,,,
4/26/2023,5,6G,7597,1,,,,,,,,
4/26/2023,5,7I,3714,1,,,,,,,,
4/26/2023,5,3B,3465,1,,,,,,,,
4/26/2023,5,5C,3196,2,,,,,,,,
4/26/2023,5,8C,3941,3,,,,,,,,
4/26/2023,5,9F,5022,1,,,,,,,,
4/26/2023,5,9H,3644,1,1,,,,,,,
4/26/2023,5,11F,3476,1,,,,,,,,
4/26/2023,5,10H,5034,1,,,,,,,,
4/26/2023,5,15D,3153,1,,,,,,,,
4/26/2023,5,17B,3127,1,,,,,,,,
4/26/2023,5,17B,3833,1,,,,,,,,
4/26/2023,5,19B,7555,1,,,,,,,,
4/26/2023,5,19B,3685,1,,,,,,,,
4/26/2023,5,19C,3135,1,,,,,,,,
4/26/2023,5,18F,3473,1,,,,,,,,
4/26/2023,5,18C,3869,1,,,,,,,,
4/26/2023,5,17D,3067,1,,,,,,,,
5/4/2023,5,0H,3152,,2,,,,,,,
5/4/2023,5,1H,7570,,1,,,,,,,
5/4/2023,5,3G,3987,,,,,,,,,can't find
5/4/2023,5,3B,3560,1,2,,,,,,,
5/4/2023,5,4A,3199,1,1,,,,,,,
5/4/2023,5,10G,3896,,,,,,,,,
5/4/2023,5,10I,3807,,,,,,,,,
5/4/2023,5,17H,3697,,,,,,,,,
5/4/2023,5,13J,3488,,,,,,,,,
5/4/2023,5,18J,3888,,,,,,,,,
5/4/2023,5,0G,3788,1,1,,,,,,,weird
5/4/2023,5,1H,3499,,1,,,,,,,
5/4/2023,5,0I,3468,,1,,,,,,,
5/4/2023,5,2I,3125,,1,,,,,,,
5/4/2023,5,3J,3877,1,,,,,,,,
5/4/2023,5,4E,3200,1,1,,,,,,,
5/4/2023,5,5E,5021,1,1,,,,,,,
5/4/2023,5,5I,3484,,1,,,,,,,
5/4/2023,5,6G,3708,,1,,,,,,,
5/4/2023,5,6G,7597,,1,,,,,,,
5/4/2023,5,7I,3714,,1,,,,,,,
5/4/2023,5,3B,3465,,1,,,,,,,
5/4/2023,5,5C,3196,,2,,,,,,,
5/4/2023,5,8C,3941,4,3,,,,,,,
5/4/2023,5,9F,5022,,1,,,,,,,
5/4/2023,5,9H,3644,1,2,,,,,,,
5/4/2023,5,11F,3476,,,,,,,,,
5/4/2023,5,10H,5034,,,,,,,,,
5/4/2023,5,15D,3153,,,,,,,,,
5/4/2023,5,17B,3127,,,,,,,,,
5/4/2023,5,17B,3833,,,,,,,,,
5/4/2023,5,19B,7555,,,,,,,,,
5/4/2023,5,19B,3685,,,,,,,,,
5/4/2023,5,19C,3135,,,,,,,,,
5/4/2023,5,18F,3473,,,,,,,,,
5/4/2023,5,18C,3869,,,,,,,,,
5/4/2023,5,17D,3067,,,,,,,,,
5/10/2023,5,0H,3152,,1,,1,,,,,
5/10/2023,5,1H,7570,,,,1,,,,,
5/10/2023,5,3G,3987,1,,,1,,,,,found it!
5/10/2023,5,3B,3560,2,1,,1,,,,,
5/10/2023,5,4A,3199,,1,,1,,,,,
5/10/2023,5,10G,3896,,,,,,,,,
5/10/2023,5,10I,3807,,,,,,,,,
5/10/2023,5,17H,3697,,,,,,,,,
5/10/2023,5,13J,3488,,,,,,,,,
5/10/2023,5,18J,3888,,,,,,,,,
5/10/2023,5,0G,3788,1,,,1,,,,,weird
5/10/2023,5,1H,3499,,1,,,,,,,
5/10/2023,5,0I,3468,,1,,,,,,,
5/10/2023,5,2I,3125,1,,,1,,,,,
5/10/2023,5,3J,3877,,1,,,,,,,
5/10/2023,5,4E,3200,1,1,,,,,,,
5/10/2023,5,5E,5021,1,,,1,,,,,
5/10/2023,5,5I,3484,,,,1,,,,,
5/10/2023,5,6G,3708,,,,1,,,,,
5/10/2023,5,6G,7597,,,,1,,,,,
5/10/2023,5,7I,3714,1,1,,,,,,,
5/10/2023,5,3B,3465,1,1,,,,,,,
5/10/2023,5,5C,3196,2,2,,,,,,,
5/10/2023,5,8C,3941,5,3,,,,,,,
5/10/2023,5,9F,5022,,1,,,,,,,
5/10/2023,5,9H,3644,2,2,,,,,,,
5/10/2023,5,11F,3476,,,,,,,,,
5/10/2023,5,10H,5034,,,,,,,,,
5/10/2023,5,15D,3153,,,,,,,,,
5/10/2023,5,17B,3127,,,,,,,,,
5/10/2023,5,17B,3833,,,,,,,,,
5/10/2023,5,19B,7555,,,,,,,,,
5/10/2023,5,19B,3685,,,,,,,,,
5/10/2023,5,19C,3135,,,,,,,,,
5/10/2023,5,18F,3473,,,,,,,,,
5/10/2023,5,18C,3869,,,,,,,,,
5/10/2023,5,17D,3067,,,,,,,,,
5/15/2023,5,0H,3152,,1,,1,,,,,
5/15/2023,5,1H,7570,,,,1,,,,,
5/15/2023,5,3G,3987,,1,,1,,,,,
5/15/2023,5,3B,3560,1,2,,2,,,,,
5/15/2023,5,4A,3199,2,1,,1,,,,,
5/15/2023,5,10G,3896,,,,,,,,,
5/15/2023,5,10I,3807,,,,,,,,,
5/15/2023,5,17H,3697,,,,,,,,,
5/15/2023,5,13J,3488,,,,,,,,,
5/15/2023,5,18J,3888,,,,,,,,,
5/15/2023,5,0G,3788,,1,,1,,,,,
5/15/2023,5,1H,3499,1,,,1,,,,,
5/15/2023,5,0I,3468,1,,,1,,,,,
5/15/2023,5,2I,3125,,1,,1,,,,,
5/15/2023,5,3J,3877,,1,,,,,,,
5/15/2023,5,4E,3200,,1,,1,,,,,
5/15/2023,5,5E,5021,,1,,1,,,,,
5/15/2023,5,5I,3484,,,,1,,,,,
5/15/2023,5,6G,3708,,,,1,,,,,
5/15/2023,5,6G,7597,,,,1,,,,,
5/15/2023,5,7I,3714,,1,,1,,,,,
5/15/2023,5,3B,3465,1,,,1,,,,,
5/15/2023,5,5C,3196,2,,,2,,,,,
5/15/2023,5,8C,3941,2,3,,3,,,,,
5/15/2023,5,9F,5022,,,,1,,,,,
5/15/2023,5,9H,3644,1,1,,2,,,,,
5/15/2023,5,11F,3476,,,,,,,,,
5/15/2023,5,10H,5034,,,,,,,,,
5/15/2023,5,15D,3153,,,,,,,,,
5/15/2023,5,17B,3127,,,,,,,,,
5/15/2023,5,17B,3833,,,,,,,,,
5/15/2023,5,19B,7555,,,,,,,,,
5/15/2023,5,19B,3685,,,,,,,,,
5/15/2023,5,19C,3135,,,,,,,,,
5/15/2023,5,18F,3473,,,,,,,,,
5/15/2023,5,18C,3869,,,,,,,,,
5/15/2023,5,17D,3067,,,,,,,,,
5/24/2023,5,0H,3152,,,,,,1,1,,
5/24/2023,5,1H,7570,,,,,,,1,,
5/24/2023,5,3G,3987,,,,,,2,,,
5/24/2023,5,3B,3560,,,,,,1,1,3,
5/24/2023,5,4A,3199,,,,,,3,1,,
5/24/2023,5,10G,3896,,,,,,,,,
5/24/2023,5,10I,3807,,,,,,,,,
5/24/2023,5,17H,3697,,,,,,,,,
5/24/2023,5,13J,3488,,,,,,,,,
5/24/2023,5,18J,3888,,,,,,,,,
5/24/2023,5,0G,3788,,,,,,1,1,,
5/24/2023,5,1H,3499,,,,,,1,1,,
5/24/2023,5,0I,3468,,,,,,2,,,
5/24/2023,5,2I,3125,,,,,,1,1,,
5/24/2023,5,3J,3877,,,,,,1,,,
5/24/2023,5,4E,3200,,,,,,2,,,
5/24/2023,5,5E,5021,,,,,,1,1,,
5/24/2023,5,5I,3484,,,,,,1,,,
5/24/2023,5,6G,3708,,,,,,,1,,
5/24/2023,5,6G,7597,,,,,,1,,,
5/24/2023,5,7I,3714,,,,,,2,,,
5/24/2023,5,3B,3465,,,,,,1,1,,
5/24/2023,5,5C,3196,,,,,,4,,,
5/24/2023,5,8C,3941,,,,,,5,3,,
5/24/2023,5,9F,5022,,,,,,1,,,
5/24/2023,5,9H,3644,,,,,,4,,,
5/24/2023,5,11F,3476,,,,,,,,,
5/24/2023,5,10H,5034,,,,,,,,,
5/24/2023,5,15D,3153,,,,,,,,,
5/24/2023,5,17B,3127,,,,,,,,,
5/24/2023,5,17B,3833,,,,,,,,,
5/24/2023,5,19B,7555,,,,,,,,,
5/24/2023,5,19B,3685,,,,,,,,,
5/24/2023,5,19C,3135,,,,,,,,,
5/24/2023,5,18F,3473,,,,,,,,,
5/24/2023,5,18C,3869,,,,,,,,,
5/24/2023,5,17D,3067,,,,,,,,,
6/4/2023,5,0H,3152,,,,,,1,1,,
6/4/2023,5,1H,7570,,,,,,,1,,
6/4/2023,5,3G,3987,,,,,,1,1,,
6/4/2023,5,3B,3560,,,,,,1,1,3,
6/4/2023,5,4A,3199,,,,,,2,2,,
6/4/2023,5,10G,3896,,,,,,,,,
6/4/2023,5,10I,3807,,,,,,,,,
6/4/2023,5,17H,3697,,,,,,,,,
6/4/2023,5,13J,3488,,,,,,,,,
6/4/2023,5,18J,3888,,,,,,,,,
6/4/2023,5,0G,3788,,,,,,,2,,
6/4/2023,5,1H,3499,,,,,,1,1,,
6/4/2023,5,0I,3468,,,,,,1,1,,
6/4/2023,5,2I,3125,,,,,,1,1,,
6/4/2023,5,3J,3877,,,,,,,1,,
6/4/2023,5,4E,3200,,,,,,1,,1,
6/4/2023,5,5E,5021,,,,,,,1,1,
6/4/2023,5,5I,3484,,,,,,,1,,
6/4/2023,5,6G,3708,,,,,,,1,,
6/4/2023,5,6G,7597,,,,,,,1,,
6/4/2023,5,7I,3714,,,,,,1,1,,
6/4/2023,5,3B,3465,,,,,,1,1,,
6/4/2023,5,5C,3196,,,,,,2,1,1,
6/4/2023,5,8C,3941,,,,,,3,3,2,
6/4/2023,5,9F,5022,,,,,,,1,,
6/4/2023,5,9H,3644,,,,,,2,2,,
6/4/2023,5,11F,3476,,,,,,,,,
6/4/2023,5,10H,5034,,,,,,,,,
6/4/2023,5,15D,3153,,,,,,,,,
6/4/2023,5,17B,3127,,,,,,,,,
6/4/2023,5,17B,3833,,,,,,,,,
6/4/2023,5,19B,7555,,,,,,,,,
6/4/2023,5,19B,3685,,,,,,,,,
6/4/2023,5,19C,3135,,,,,,,,,
6/4/2023,5,18F,3473,,,,,,,,,
6/4/2023,5,18C,3869,,,,,,,,,
6/4/2023,5,17D,3067,,,,,,,,,
4/19/2023,5,18H,3187,,,,,,,,,
4/19/2023,5,19J,3663,,,,,,,,,
4/19/2023,5,16D,5043,,,,,,,,,
4/19/2023,5,16E,3010,,,,,,,,,
4/19/2023,5,16E,7546,,,,,,,,,
4/19/2023,5,14I,3566,,,,,,,,,
4/19/2023,5,15J,3144,,,,,,,,,
4/19/2023,5,1A,3195,,,,,,,,,
4/19/2023,5,3B,3193,,,,,,,,,
4/19/2023,5,3B,7564,,,,,,,,,
4/19/2023,5,3A,3197,,,,,,,,,
4/19/2023,5,4B,3466,,,,,,,,,
4/19/2023,5,3D,3148,,,,,,,,,
4/19/2023,5,4D,3820,,,,,,,,,
4/19/2023,5,3D,5026,,,,,,,,,
4/19/2023,5,3E,7522,,,,,,,,,
4/19/2023,5,4E,7553,,,,,,,,,
4/19/2023,5,6E,3191,,,,,,,,,
4/19/2023,5,9C,3810,,,,,,,,,
4/19/2023,5,4G,7596,,,,,,,,,
4/19/2023,5,2G,3161,,,,,,,,,
4/19/2023,5,2G,7512,,,,,,,,,
4/19/2023,5,1I,3108,,,,,,,,,
4/19/2023,5,3I,3338,,,,,,,,,
4/19/2023,5,6H,7524,,,,,,,,,
4/19/2023,5,9G,3546,,,,,,,,,
4/19/2023,5,8G,3120,,,,,,,,,
4/19/2023,5,6H,5017,,,,,,,,,
4/19/2023,5,6D,7543,,,,,,,,,
4/19/2023,5,8D,7542,,,,,,,,,
4/19/2023,5,3D,7512,,,,,,,,,
4/19/2023,5,1H,5027,,,,,,,,,
4/26/2023,5,18H,3187,1,,,,,,,,
4/26/2023,5,19J,3663,1,,,,,,,,
4/26/2023,5,16D,5043,1,,,,,,,,
4/26/2023,5,16E,3010,1,,,,,,,,
4/26/2023,5,16E,7546,1,,,,,,,,
4/26/2023,5,14I,3566,1,,,,,,,,
4/26/2023,5,15J,3144,1,,,,,,,,
4/26/2023,5,1A,3195,,,,,,,,,
4/26/2023,5,3B,3193,,,,,,,,,
4/26/2023,5,3B,7564,,,,,,,,,
4/26/2023,5,3A,3197,,,,,,,,,
4/26/2023,5,4B,3466,,,,,,,,,
4/26/2023,5,3D,3148,,,,,,,,,
4/26/2023,5,4D,3820,,,,,,,,,
4/26/2023,5,3D,5026,,,,,,,,,
4/26/2023,5,3E,7522,,,,,,,,,
4/26/2023,5,4E,7553,,,,,,,,,
4/26/2023,5,6E,3191,,,,,,,,,
4/26/2023,5,9C,3810,,,,,,,,,
4/26/2023,5,4G,7596,,,,,,,,,
4/26/2023,5,2G,3161,,,,,,,,,
4/26/2023,5,2G,7512,,,,,,,,,
4/26/2023,5,1I,3108,,,,,,,,,
4/26/2023,5,3I,3338,,,,,,,,,
4/26/2023,5,6H,7524,,,,,,,,,
4/26/2023,5,9G,3546,,,,,,,,,
4/26/2023,5,8G,3120,,,,,,,,,
4/26/2023,5,6H,5017,,,,,,,,,
4/26/2023,5,6D,7543,,,,,,,,,
4/26/2023,5,8D,7542,,,,,,,,,
4/26/2023,5,3D,7512,,,,,,,,,
4/26/2023,5,1H,5027,,,,,,,,,
5/4/2023,5,18H,3187,,,,,,,,,
5/4/2023,5,19J,3663,,,,,,,,,
5/4/2023,5,16D,5043,,,,,,,,,
5/4/2023,5,16E,3010,,,,,,,,,
5/4/2023,5,16E,7546,,,,,,,,,
5/4/2023,5,14I,3566,,,,,,,,,
5/4/2023,5,15J,3144,,,,,,,,,
5/4/2023,5,1A,3195,1,,,,,,,,
5/4/2023,5,3B,3193,1,,,,,,,,
5/4/2023,5,3B,7564,,1,,,,,,,
5/4/2023,5,3A,3197,,2,,,,,,,
5/4/2023,5,4B,3466,1,,,,,,,,
5/4/2023,5,3D,3148,,1,,,,,,,
5/4/2023,5,4D,3820,,1,,,,,,,
5/4/2023,5,3D,5026,,1,,,,,,,
5/4/2023,5,3E,7522,1,,,,,,,,
5/4/2023,5,4E,7553,1,,,,,,,,
5/4/2023,5,6E,3191,1,,,,,,,,
5/4/2023,5,9C,3810,,2,,,,,,,
5/4/2023,5,4G,7596,1,,,,,,,,
5/4/2023,5,2G,3161,1,1,,,,,,,
5/4/2023,5,2G,7512,1,,,,,,,,
5/4/2023,5,1I,3108,1,,,,,,,,
5/4/2023,5,3I,3338,,1,,,,,,,
5/4/2023,5,6H,7524,1,,,,,,,,
5/4/2023,5,9G,3546,,1,,,,,,,
5/4/2023,5,8G,3120,,2,,,,,,,
5/4/2023,5,6H,5017,,1,,,,,,,
5/4/2023,5,6D,7543,,,,,,,,,
5/4/2023,5,8D,7542,,,,,,,,,
5/4/2023,5,3D,7512,,,,,,,,,
5/4/2023,5,1H,5027,,,,,,,,,
5/10/2023,5,18H,3187,,,,,,,,,
5/10/2023,5,19J,3663,,,,,,,,,
5/10/2023,5,16D,5043,,,,,,,,,
5/10/2023,5,16E,3010,,,,,,,,,
5/10/2023,5,16E,7546,,,,,,,,,
5/10/2023,5,14I,3566,,,,,,,,,
5/10/2023,5,15J,3144,,,,,,,,,
5/10/2023,5,1A,3195,2,,,,,,,,
5/10/2023,5,3B,3193,,1,,,,,,,
5/10/2023,5,3B,7564,,1,,,,,,,
5/10/2023,5,3A,3197,1,2,,,,,,,
5/10/2023,5,4B,3466,,1,,,,,,,
5/10/2023,5,3D,3148,,1,,,,,,,
5/10/2023,5,4D,3820,,1,,,,,,,
5/10/2023,5,3D,5026,1,1,,,,,,,
5/10/2023,5,3E,7522,,1,,,,,,,
5/10/2023,5,4E,7553,,1,,,,,,,
5/10/2023,5,6E,3191,1,,,,,,,,
5/10/2023,5,9C,3810,1,2,,,,,,,
5/10/2023,5,4G,7596,,1,,,,,,,
5/10/2023,5,2G,3161,,2,,,,,,,
5/10/2023,5,2G,7512,1,,,,,,,,
5/10/2023,5,1I,3108,,1,,,,,,,
5/10/2023,5,3I,3338,1,2,,,,,,,
5/10/2023,5,6H,7524,,1,,,,,,,
5/10/2023,5,9G,3546,,1,,,,,,,
5/10/2023,5,8G,3120,,2,,,,,,,
5/10/2023,5,6H,5017,,1,,,,,,,
5/10/2023,5,6D,7543,1,,,,,,,,
5/10/2023,5,8D,7542,1,,,,,,,,
5/10/2023,5,3D,7512,1,,,,,,,,
5/10/2023,5,1H,5027,,,,,,,,,
5/15/2023,5,18H,3187,,,,,,,,,
5/15/2023,5,19J,3663,,,,,,,,,
5/15/2023,5,16D,5043,,,,,,,,,
5/15/2023,5,16E,3010,,,,,,,,,
5/15/2023,5,16E,7546,,,,,,,,,
5/15/2023,5,14I,3566,,,,,,,,,
5/15/2023,5,15J,3144,,,,,,,,,
5/15/2023,5,1A,3195,1,1,,,,,,,
5/15/2023,5,3B,3193,,1,,,,,,,
5/15/2023,5,3B,7564,,,,1,,,,,
5/15/2023,5,3A,3197,2,,,2,,,,,
5/15/2023,5,4B,3466,,1,,,,,,,
5/15/2023,5,3D,3148,1,,,1,,,,,
5/15/2023,5,4D,3820,1,,,1,,,,,
5/15/2023,5,3D,5026,1,,,1,,,,,
5/15/2023,5,3E,7522,1,1,,,,,,,
5/15/2023,5,4E,7553,,1,,,,,,,
5/15/2023,5,6E,3191,,1,,,,,,,
5/15/2023,5,9C,3810,2,1,,1,,,,,
5/15/2023,5,4G,7596,,1,,,,,,,
5/15/2023,5,2G,3161,,1,,1,,,,,
5/15/2023,5,2G,7512,,1,,,,,,,
5/15/2023,5,1I,3108,1,1,,,,,,,
5/15/2023,5,3I,3338,1,,,1,,,,,
5/15/2023,5,6H,7524,,1,,,,,,,
5/15/2023,5,9G,3546,,,,1,,,,,
5/15/2023,5,8G,3120,,2,,,,,,,
5/15/2023,5,6H,5017,,1,,,,,,,
5/15/2023,5,6D,7543,1,,,,,,,,
5/15/2023,5,8D,7542,1,,,,,,,,
5/15/2023,5,3D,7512,,1,,,,,,,
5/15/2023,5,1H,5027,,1,,,,,,,
5/24/2023,5,18H,3187,,,,,,,,,
5/24/2023,5,19J,3663,,,,,,,,,
5/24/2023,5,16D,5043,,,,,,,,,
5/24/2023,5,16E,3010,,,,,,,,,
5/24/2023,5,16E,7546,,,,,,,,,
5/24/2023,5,14I,3566,,,,,,,,,
5/24/2023,5,15J,3144,,,,,,,,,
5/24/2023,5,1A,3195,,,,,,1,2,,
5/24/2023,5,3B,3193,,,,,,,1,,
5/24/2023,5,3B,7564,,,,,,1,,,
5/24/2023,5,3A,3197,,,,,,4,,,
5/24/2023,5,4B,3466,,,,,,1,,,
5/24/2023,5,3D,3148,,,,,,1,1,,
5/24/2023,5,4D,3820,,,,,,2,,,
5/24/2023,5,3D,5026,,,,,,,1,1,
5/24/2023,5,3E,7522,,,,,,2,,,
5/24/2023,5,4E,7553,,,,,,1,,,
5/24/2023,5,6E,3191,,,,,,1,,,
5/24/2023,5,9C,3810,,,,,,4,,,
5/24/2023,5,4G,7596,,,,,,1,,,
5/24/2023,5,2G,3161,,,,,,1,1,,
5/24/2023,5,2G,7512,,,,,,,1,,
5/24/2023,5,1I,3108,,,,,,2,,,
5/24/2023,5,3I,3338,,,,,,1,1,,
5/24/2023,5,6H,7524,,,,,,,1,,
5/24/2023,5,9G,3546,,,,,,1,,,
5/24/2023,5,8G,3120,,,,,,,2,,
5/24/2023,5,6H,5017,,,,,,,1,,
5/24/2023,5,6D,7543,,,,,,1,,,
5/24/2023,5,8D,7542,,,,,,1,,,
5/24/2023,5,3D,7512,,,,,,1,,,
5/24/2023,5,1H,5027,,,,,,1,,,
6/4/2023,5,18H,3187,,,,,,,,,
6/4/2023,5,19J,3663,,,,,,,,,
6/4/2023,5,16D,5043,,,,,,,,,
6/4/2023,5,16E,3010,,,,,,,,,
6/4/2023,5,16E,7546,,,,,,,,,
6/4/2023,5,14I,3566,,,,,,,,,
6/4/2023,5,15J,3144,,,,,,,,,
6/4/2023,5,1A,3195,,,,,,,3,,
6/4/2023,5,3B,3193,,,,,,,1,,
6/4/2023,5,3B,7564,,,,,,,1,,
6/4/2023,5,3A,3197,,,,,,2,,2,
6/4/2023,5,4B,3466,,,,,,,1,,
6/4/2023,5,3D,3148,,,,,,,2,,
6/4/2023,5,4D,3820,,,,,,1,,1,
6/4/2023,5,3D,5026,,,,,,,1,1,
6/4/2023,5,3E,7522,,,,,,2,,,
6/4/2023,5,4E,7553,,,,,,1,,,
6/4/2023,5,6E,3191,,,,,,1,,,
6/4/2023,5,9C,3810,,,,,,2,,2,
6/4/2023,5,4G,7596,,,,,,,1,,
6/4/2023,5,2G,3161,,,,,,1,1,,
6/4/2023,5,2G,7512,,,,,,,1,,
6/4/2023,5,1I,3108,,,,,,2,,,
6/4/2023,5,3I,3338,,,,,,1,1,,
6/4/2023,5,6H,7524,,,,,,,1,,
6/4/2023,5,9G,3546,,,,,,1,,,
6/4/2023,5,8G,3120,,,,,,,2,,
6/4/2023,5,6H,5017,,,,,,,1,,
6/4/2023,5,6D,7543,,,,,,,,,got pulled out
6/4/2023,5,8D,7542,,,,,,,1,,
6/4/2023,5,3D,7512,,,,,,1,,,
6/4/2023,5,1H,5027,,,,,,,1,,
4/19/2023,6,18H,3374,,,,,,,,,
4/19/2023,6,4D,3179,,,,,,,,,
4/19/2023,6,7E,3400,,,,,,,,,
4/19/2023,6,4G,3070,,,,,,,,,
4/19/2023,6,4J,3008,,,,,,,,,
4/19/2023,6,13A,7587,,,,,,,,,
4/19/2023,6,11B,3753,,,,,,,,,
4/19/2023,6,11D,3358,,,,,,,,,
4/19/2023,6,12D,3345,,,,,,,,,
4/19/2023,6,12C,3360,,,,,,,,,
4/19/2023,6,12C,3489,,,,,,,,,
4/19/2023,6,16C,3136,,,,,,,,,
4/19/2023,6,13F,3669,,,,,,,,,
4/19/2023,6,13E,3141,,,,,,,,,
4/19/2023,6,15E,3887,,,,,,,,,
4/19/2023,6,19C,3466,,,,,,,,,
4/19/2023,6,16J,3518,,,,,,,,,
4/19/2023,6,14G,3777,,,,,,,,,
4/19/2023,6,19D,3142,,,,,,,,,
4/19/2023,6,18F,3005,,,,,,,,,
4/19/2023,6,18F,3570,,,,,,,,,
4/19/2023,6,8G,3173,,,,,,,,,
4/19/2023,6,19F,3729,,,,,,,,,
4/19/2023,6,18H,3955,,,,,,,,,
4/19/2023,6,18I,3643,,,,,,,,,
4/19/2023,6,18H,5770,,,,,,,,,
4/19/2023,6,16I,3630,,,,,,,,,
4/19/2023,6,15F,3648,,,,,,,,,
4/19/2023,6,14F,3372,,,,,,,,,
4/19/2023,6,15H,3725,,,,,,,,,
4/19/2023,6,18F,3140,,,,,,,,,
4/19/2023,6,11A,3319,,,,,,,,,
4/19/2023,6,18B,3743,,,,,,,,,
4/19/2023,6,18G,3767,,,,,,,,,
4/26/2023,6,18H,3374,,1,,,,,,,
4/26/2023,6,4D,3179,,,,,,,,,
4/26/2023,6,7E,3400,,,,,,,,,
4/26/2023,6,4G,3070,,,,,,,,,
4/26/2023,6,4J,3008,,,,,,,,,
4/26/2023,6,13A,7587,,,,,,,,,
4/26/2023,6,11B,3753,,,,,,,,,
4/26/2023,6,11D,3358,,,,,,,,,
4/26/2023,6,12D,3345,,,,,,,,,
4/26/2023,6,12C,3360,,,,,,,,,
4/26/2023,6,12C,3489,,,,,,,,,
4/26/2023,6,16C,3136,,,,,,,,,
4/26/2023,6,13F,3669,,,,,,,,,
4/26/2023,6,13E,3141,,,,,,,,,
4/26/2023,6,15E,3887,,,,,,,,,
4/26/2023,6,19C,3466,,,,,,,,,
4/26/2023,6,16J,3518,,,,,,,,,
4/26/2023,6,14G,3777,,,,,,,,,
4/26/2023,6,19D,3142,,,,,,,,,
4/26/2023,6,18F,3005,,,,,,,,,
4/26/2023,6,18F,3570,,,,,,,,,
4/26/2023,6,8G,3173,,,,,,,,,
4/26/2023,6,19F,3729,,,,,,,,,
4/26/2023,6,18H,3955,,,,,,,,,
4/26/2023,6,18I,3643,,,,,,,,,
4/26/2023,6,18H,5770,,,,,,,,,
4/26/2023,6,16I,3630,,,,,,,,,
4/26/2023,6,15F,3648,,,,,,,,,
4/26/2023,6,14F,3372,,,,,,,,,
4/26/2023,6,15H,3725,,,,,,,,,
4/26/2023,6,18F,3140,,,,,,,,,
4/26/2023,6,11A,3319,,,,,,,,,
4/26/2023,6,18B,3743,,,,,,,,,
4/26/2023,6,18G,3767,,,,,,,,,
5/4/2023,6,18H,3374,1,1,,,,,,,
5/4/2023,6,4D,3179,,1,,,,,,,
5/4/2023,6,7E,3400,1,,,,,,,,
5/4/2023,6,4G,3070,1,1,,,,,,,
5/4/2023,6,4J,3008,1,,,,,,,,
5/4/2023,6,13A,7587,1,,,,,,,,
5/4/2023,6,11B,3753,1,,,,,,,,
5/4/2023,6,11D,3358,,1,,,,,,,
5/4/2023,6,12D,3345,,1,,,,,,,
5/4/2023,6,12C,3360,1,,,,,,,,
5/4/2023,6,12C,3489,1,,,,,,,,
5/4/2023,6,16C,3136,1,,,,,,,,
5/4/2023,6,13F,3669,1,,,,,,,,
5/4/2023,6,13E,3141,1,,,,,,,,
5/4/2023,6,15E,3887,2,1,,,,,,,
5/4/2023,6,19C,3466,,1,,,,,,,
5/4/2023,6,16J,3518,,1,,,,,,,
5/4/2023,6,14G,3777,1,,,,,,,,
5/4/2023,6,19D,3142,1,,,,,,,,
5/4/2023,6,18F,3005,1,,,,,,,,
5/4/2023,6,18F,3570,,1,,,,,,,
5/4/2023,6,8G,3173,1,,,,,,,,
5/4/2023,6,19F,3729,,1,,,,,,,
5/4/2023,6,18H,3955,1,,,,,,,,
5/4/2023,6,18I,3643,1,,,,,,,,
5/4/2023,6,18H,5770,1,,,,,,,,
5/4/2023,6,16I,3630,,1,,,,,,,
5/4/2023,6,15F,3648,,,,,,,,,
5/4/2023,6,14F,3372,,,,,,,,,
5/4/2023,6,15H,3725,,,,,,,,,
5/4/2023,6,18F,3140,,,,,,,,,
5/4/2023,6,11A,3319,,,,,,,,,
5/4/2023,6,18B,3743,,,,,,,,,
5/4/2023,6,18G,3767,,,,,,,,,
5/10/2023,6,18H,3374,,1,,,,,,,"1F, 1?"
5/10/2023,6,4D,3179,,1,,,,,,,
5/10/2023,6,7E,3400,,1,,,,,,,
5/10/2023,6,4G,3070,3,,,1,,,,,
5/10/2023,6,4J,3008,,1,,,,,,,
5/10/2023,6,13A,7587,,1,,,,,,,
5/10/2023,6,11B,3753,1,1,,,,,,,
5/10/2023,6,11D,3358,1,1,,,,,,,
5/10/2023,6,12D,3345,3,1,,,,,,,
5/10/2023,6,12C,3360,,1,,,,,,,
5/10/2023,6,12C,3489,,1,,,,,,,
5/10/2023,6,16C,3136,2,1,,,,,,,
5/10/2023,6,13F,3669,,1,,,,,,,
5/10/2023,6,13E,3141,,1,,,,,,,
5/10/2023,6,15E,3887,2,1,,,,,,,
5/10/2023,6,19C,3466,,1,,,,,,,
5/10/2023,6,16J,3518,2,1,,,,,,,
5/10/2023,6,14G,3777,,1,,,,,,,
5/10/2023,6,19D,3142,1,1,,,,,,,1 tiny flower
5/10/2023,6,18F,3005,1,,,,,,,,
5/10/2023,6,18F,3570,,1,,,,,,,
5/10/2023,6,8G,3173,,1,,,,,,,
5/10/2023,6,19F,3729,1,1,,,,,,,
5/10/2023,6,18H,3955,,3,,,,,,,
5/10/2023,6,18I,3643,,1,,,,,,,
5/10/2023,6,18H,5770,1,1,,,,,1,,broke off
5/10/2023,6,16I,3630,1,1,,,,,,,
5/10/2023,6,15F,3648,1,1,,,,,,,
5/10/2023,6,14F,3372,,1,,,,,,,
5/10/2023,6,15H,3725,2,,,,,,,,
5/10/2023,6,18F,3140,1,2,,,,,,,
5/10/2023,6,11A,3319,,,,,,,,,
5/10/2023,6,18B,3743,,,,,,,,,
5/10/2023,6,18G,3767,1,,,,,,,,
5/15/2023,6,18H,3374,,1,,,,,,,
5/15/2023,6,4D,3179,,,,1,,,,,
5/15/2023,6,7E,3400,1,1,,,,,1,,
5/15/2023,6,4G,3070,,3,,,,,,,
5/15/2023,6,4J,3008,1,1,,,,,,,
5/15/2023,6,13A,7587,,1,,,,,,,
5/15/2023,6,11B,3753,1,1,,,,,,,
5/15/2023,6,11D,3358,1,1,,1,,,,,
5/15/2023,6,12D,3345,,3,,1,,,,,
5/15/2023,6,12C,3360,,1,,,,,,,
5/15/2023,6,12C,3489,,1,,,,,,,
5/15/2023,6,16C,3136,1,2,,,,,,,
5/15/2023,6,13F,3669,1,,,1,,,,,
5/15/2023,6,13E,3141,,1,,,,,,,
5/15/2023,6,15E,3887,,2,,1,,,,,
5/15/2023,6,19C,3466,1,1,,,,,,,
5/15/2023,6,16J,3518,,2,,1,,,,,can't find
5/15/2023,6,14G,3777,,1,,,,,,,
5/15/2023,6,19D,3142,,,,,,,,,
5/15/2023,6,18F,3005,2,2,,,,,,,
5/15/2023,6,18F,3570,1,,,1,,,,,
5/15/2023,6,8G,3173,,1,,,,,,,"2 F, 1?"
5/15/2023,6,19F,3729,,1,,1,,,,,
5/15/2023,6,18H,3955,,2,,,,,,,
5/15/2023,6,18I,3643,,1,,,,,,,
5/15/2023,6,18H,5770,,,,,,,,,
5/15/2023,6,16I,3630,1,1,,,,,,,
5/15/2023,6,15F,3648,,2,,,,,,,
5/15/2023,6,14F,3372,1,1,,,,,,,
5/15/2023,6,15H,3725,1,1,,,,,,,
5/15/2023,6,18F,3140,2,2,,,,,,,
5/15/2023,6,11A,3319,,,,,,,,,
5/15/2023,6,18B,3743,,1,,,,,,,
5/15/2023,6,18G,3767,1,,,,,,,,
5/25/2023,6,18H,3374,,,,,,1,,,
5/25/2023,6,4D,3179,,,,,,2,1,,
5/25/2023,6,7E,3400,,1,,,,1,,,
5/25/2023,6,4G,3070,,,,,,3,1,,
5/25/2023,6,4J,3008,,,,1,,1,,,
5/25/2023,6,13A,7587,,1,,,,1,,,
5/25/2023,6,11B,3753,,,,1,,1,,,
5/25/2023,6,11D,3358,,,,1,,3,,,
5/25/2023,6,12D,3345,,,,1,,3,,,
5/25/2023,6,12C,3360,,,,1,,,,,
5/25/2023,6,12C,3489,,1,,,,1,,,
5/25/2023,6,16C,3136,,,,,,2,1,,
5/25/2023,6,13F,3669,,,,1,,1,,,
5/25/2023,6,13E,3141,,2,,1,,,,,
5/25/2023,6,15E,3887,,,,,,2,1,,
5/25/2023,6,19C,3466,,,,1,,2,,,
5/25/2023,6,16J,3518,,,,,,2,1,,
5/25/2023,6,14G,3777,,,,,,1,,,
5/25/2023,6,19D,3142,,,,,,,2,,
5/25/2023,6,18F,3005,,,,1,,,,,
5/25/2023,6,18F,3570,,,,1,,1,,,
5/25/2023,6,8G,3173,,,,,,,1,,
5/25/2023,6,19F,3729,,,,1,,1,,,
5/25/2023,6,18H,3955,,,,1,,,,,
5/25/2023,6,18I,3643,,,,1,,,,,
5/25/2023,6,18H,5770,,,,,,,,,
5/25/2023,6,16I,3630,,,,1,,1,,,
5/25/2023,6,15F,3648,,,,2,,,,,
5/25/2023,6,14F,3372,,,,,,2,,,
5/25/2023,6,15H,3725,,,,,,2,,,
5/25/2023,6,18F,3140,,2,,2,,,,,
5/25/2023,6,11A,3319,,1,,,,,,,
5/25/2023,6,18B,3743,,,,1,,,,,
5/25/2023,6,18G,3767,,,,1,,,,,
6/4/2023,6,18H,3374,,,,,,1,,,
6/4/2023,6,4D,3179,,,,,,1,1,1,
6/4/2023,6,7E,3400,,,,,,2,,,
6/4/2023,6,4G,3070,,,,,,1,1,2,
6/4/2023,6,4J,3008,,,,,,1,1,,
6/4/2023,6,13A,7587,,,,,,1,1,,
6/4/2023,6,11B,3753,,,,,,,2,,
6/4/2023,6,11D,3358,,,,1,,3,,,
6/4/2023,6,12D,3345,,,,,,2,1,1,
6/4/2023,6,12C,3360,,,,,,,,1,
6/4/2023,6,12C,3489,,,,,,1,1,,
6/4/2023,6,16C,3136,,,,,,2,1,,
6/4/2023,6,13F,3669,,,,,,1,1,,
6/4/2023,6,13E,3141,,,,,,,,3,
6/4/2023,6,15E,3887,,,,,,2,1,,
6/4/2023,6,19C,3466,,,,,,1,2,,
6/4/2023,6,16J,3518,,,,,,,,,can't find
6/4/2023,6,14G,3777,,,,,,1,,,
6/4/2023,6,19D,3142,,,,,,,2,,
6/4/2023,6,18F,3005,,,,1,,,,,
6/4/2023,6,18F,3570,,,,,,1,1,,
6/4/2023,6,8G,3173,,,,,,,1,,
6/4/2023,6,19F,3729,,,,,,1,1,,
6/4/2023,6,18H,3955,,,,,,,1,,
6/4/2023,6,18I,3643,,,,1,,,,,
6/4/2023,6,18H,5770,,,,,,,,,
6/4/2023,6,16I,3630,,,,,,1,1,,
6/4/2023,6,15F,3648,,,,2,,,,,
6/4/2023,6,14F,3372,,,,,,,,2,
6/4/2023,6,15H,3725,,,,,,,2,,
6/4/2023,6,18F,3140,,,,1,,2,,1,
6/4/2023,6,11A,3319,,,,,,,,1,
6/4/2023,6,18B,3743,,,,1,,,,,
6/4/2023,6,18G,3767,,,,,,,1,,
6/8/2023,6,18H,3374,,,,,,,,,
6/8/2023,6,4D,3179,,,,,,,,,
6/8/2023,6,7E,3400,,,,,,1,1,,
6/8/2023,6,4G,3070,,,,,,,,,
6/8/2023,6,4J,3008,,,,,,1,1,,
6/8/2023,6,13A,7587,,,,,,,2,,
6/8/2023,6,11B,3753,,,,,,,2,,
6/8/2023,6,11D,3358,,,,,,3,1,,
6/8/2023,6,12D,3345,,,,,,2,1,1,
6/8/2023,6,12C,3360,,,,,,,,,
6/8/2023,6,12C,3489,,,,,,1,1,,
6/8/2023,6,16C,3136,,,,,,1,2,,
6/8/2023,6,13F,3669,,,,,,1,1,,
6/8/2023,6,13E,3141,,,,,,,,,
6/8/2023,6,15E,3887,,,,,,,,,
6/8/2023,6,19C,3466,,,,,,1,2,,
6/8/2023,6,16J,3518,,,,,,2,1,,
6/8/2023,6,14G,3777,,,,,,,,,
6/8/2023,6,19D,3142,,,,,,,,,
6/8/2023,6,18F,3005,,,,,,,1,,
6/8/2023,6,18F,3570,,,,,,1,1,,
6/8/2023,6,8G,3173,,,,,,,,,
6/8/2023,6,19F,3729,,,,,,,,,
6/8/2023,6,18H,3955,,,,,,,,,
6/8/2023,6,18I,3643,,,,,,,,,
6/8/2023,6,18H,5770,,,,,,,1,,
6/8/2023,6,16I,3630,,,,,,,,,
6/8/2023,6,15F,3648,,,,,,1,1,,
6/8/2023,6,14F,3372,,,,,,,2,,
6/8/2023,6,15H,3725,,,,,,,,,
6/8/2023,6,18F,3140,,,,,,,,,
6/8/2023,6,11A,3319,,,,,,,,,
6/8/2023,6,18B,3743,,,,,,2,1,1,
6/8/2023,6,18G,3767,,,,,,,,,
6/8/2023,6,15H,3785,,,,,,,1,,
4/19/2023,6,15H,3785,,,,,,,,,
4/26/2023,6,15H,3785,,,,,,,,,
5/4/2023,6,15H,3785,,,,,,,,,
5/10/2023,6,15H,3785,1,,,,,,,,
5/15/2023,6,15H,3785,,1,,,,,,,
5/25/2023,6,15H,3785,,,,,,,,,no plant in demograpy
6/4/2023,6,15H,3785,,,,,,,,,no plant
4/19/2023,7,15B,5032,1,,,,,,,,
4/19/2023,7,1D,3452,,,,,,,,,
4/19/2023,7,1E,5849,,,,,,,,,
4/19/2023,7,4G,3450,,,,,,,,,
4/19/2023,7,15B,3446,,,,,,,,,
4/19/2023,7,0C,3981,,,,,,,,,
4/19/2023,7,5C,7579,,,,,,,,,
4/19/2023,7,7C,3044,,,,,,,,,
4/19/2023,7,8B,3874,,,,,,,,,
4/19/2023,7,9C,5047,,,,,,,,,
4/19/2023,7,9B,3100,,,,,,,,,
4/19/2023,7,4F,3401,,,,,,,,,
4/19/2023,7,6G,7544,,,,,,,,,
4/19/2023,7,6G,3368,,,,,,,,,
4/19/2023,7,6G,3688,,,,,,,,,
4/19/2023,7,2I,5052,,,,,,,,,
4/19/2023,7,3I,3636,,,,,,,,,
4/19/2023,7,3J,5053,,,,,,,,,
4/19/2023,7,8I,3994,,,,,,,,,
4/19/2023,7,1B,3069,,,,,,,,,
4/19/2023,7,3B,3375,,,,,,,,,
4/19/2023,7,5H,3089,,,,,,,,,
4/26/2023,7,15B,5032,2,1,,,,,,,
4/26/2023,7,1D,3452,1,,,,,,,,
4/26/2023,7,1E,5849,1,,,,,,,,
4/26/2023,7,4G,3450,,1,,,,,,,
4/26/2023,7,15B,3446,1,,,,,,,,
4/26/2023,7,0C,3981,,,,,,,,,
4/26/2023,7,5C,7579,,,,,,,,,
4/26/2023,7,7C,3044,,,,,,,,,
4/26/2023,7,8B,3874,,,,,,,,,
4/26/2023,7,9C,5047,,,,,,,,,
4/26/2023,7,9B,3100,,,,,,,,,
4/26/2023,7,4F,3401,,,,,,,,,
4/26/2023,7,6G,7544,,,,,,,,,
4/26/2023,7,6G,3368,,,,,,,,,
4/26/2023,7,6G,3688,,,,,,,,,
4/26/2023,7,2I,5052,,,,,,,,,
4/26/2023,7,3I,3636,,,,,,,,,
4/26/2023,7,3J,5053,,,,,,,,,
4/26/2023,7,8I,3994,,,,,,,,,
4/26/2023,7,1B,3069,,,,,,,,,
4/26/2023,7,3B,3375,,,,,,,,,
4/26/2023,7,5H,3089,,,,,,,,,
5/4/2023,7,15B,5032,1,1,,,,,,,
5/4/2023,7,1D,3452,1,1,,,,,,,
5/4/2023,7,1E,5849,,2,,,,,,,
5/4/2023,7,4G,3450,2,1,,,,,,,
5/4/2023,7,15B,3446,1,1,,,,,,,
5/4/2023,7,0C,3981,1,,,,,,,,
5/4/2023,7,5C,7579,1,,,,,,,,
5/4/2023,7,7C,3044,,1,,,,,,,
5/4/2023,7,8B,3874,,1,,,,,,,
5/4/2023,7,9C,5047,1,1,,,,,,,
5/4/2023,7,9B,3100,,1,,,,,,,
5/4/2023,7,4F,3401,1,,,,,,,,
5/4/2023,7,6G,7544,,1,,,,,,,
5/4/2023,7,6G,3368,1,,,,,,,,
5/4/2023,7,6G,3688,1,,,,,,,,
5/4/2023,7,2I,5052,2,,,,,,,,
5/4/2023,7,3I,3636,1,,,,,,,,
5/4/2023,7,3J,5053,1,,,,,,,,
5/4/2023,7,8I,3994,1,1,,,,,,,
5/4/2023,7,1B,3069,,,,,,,,,
5/4/2023,7,3B,3375,,,,,,,,,
5/4/2023,7,5H,3089,,,,,,,,,
5/10/2023,7,15B,5032,,3,,,,,,,
5/10/2023,7,1D,3452,2,1,,,,,,,
5/10/2023,7,1E,5849,1,2,,,,,,,
5/10/2023,7,4G,3450,1,1,,1,,,,,
5/10/2023,7,15B,3446,1,3,,1,,,,,
5/10/2023,7,0C,3981,,1,,,,,,,
5/10/2023,7,5C,7579,1,,,,,,,,
5/10/2023,7,7C,3044,1,1,,,,,,,
5/10/2023,7,8B,3874,1,,,1,,,,,
5/10/2023,7,9C,5047,1,1,,,,,,,
5/10/2023,7,9B,3100,,1,,,,,,,
5/10/2023,7,4F,3401,1,,,,,,,,
5/10/2023,7,6G,7544,,1,,,,,,,
5/10/2023,7,6G,3368,,1,,,,,,,
5/10/2023,7,6G,3688,,1,,,,,,,
5/10/2023,7,2I,5052,1,1,,,,,,,
5/10/2023,7,3I,3636,1,,,,,,,,
5/10/2023,7,3J,5053,,1,,,,,,,
5/10/2023,7,8I,3994,2,1,,,,,,,
5/10/2023,7,1B,3069,1,,,,,,,,
5/10/2023,7,3B,3375,2,,,,,,,,
5/10/2023,7,5H,3089,,2,,,,,,,
5/15/2023,7,15B,5032,,3,,,,,,,
5/15/2023,7,1D,3452,,2,,1,,,,,
5/15/2023,7,1E,5849,2,2,,,,,,,
5/15/2023,7,4G,3450,1,1,,1,,,,,
5/15/2023,7,15B,3446,1,2,,2,,,,,
5/15/2023,7,0C,3981,,,,1,,,,,
5/15/2023,7,5C,7579,,1,,,,,,,
5/15/2023,7,7C,3044,1,1,,,,,,,
5/15/2023,7,8B,3874,,1,,1,,,,,
5/15/2023,7,9C,5047,1,1,,,,,,,
5/15/2023,7,9B,3100,,1,,,,,,,
5/15/2023,7,4F,3401,,,,1,,,,,
5/15/2023,7,6G,7544,,,,1,,,,,
5/15/2023,7,6G,3368,,1,,,,,,,
5/15/2023,7,6G,3688,,1,,,,,,,
5/15/2023,7,2I,5052,,2,,,,,,,
5/15/2023,7,3I,3636,,,,,,,,,yellow and wilted
5/15/2023,7,3J,5053,1,1,,,,,,,
5/15/2023,7,8I,3994,2,1,,,,,,,
5/15/2023,7,1B,3069,,,,,,,,,yellow and wilted
5/15/2023,7,3B,3375,1,1,,,,,,,
5/15/2023,7,5H,3089,,,,2,,,,,
5/24/2023,7,15B,5032,,,,,,1,2,,
5/24/2023,7,1D,3452,,,,,,3,,,
5/24/2023,7,1E,5849,,,,1,,,1,,1 stalk nibbled
5/24/2023,7,4G,3450,,,,,,3,,,
5/24/2023,7,15B,3446,,,,,,2,3,,
5/24/2023,7,0C,3981,,,,,,1,,,
5/24/2023,7,5C,7579,,,,,,1,,,
5/24/2023,7,7C,3044,,,,,,1,1,,
5/24/2023,7,8B,3874,,,,,,1,1,,
5/24/2023,7,9C,5047,,,,,,2,,,
5/24/2023,7,9B,3100,,,,,,1,,,
5/24/2023,7,4F,3401,,,,,,1,,,
5/24/2023,7,6G,7544,,,,,,1,,,
5/24/2023,7,6G,3368,,,,,,,1,,
5/24/2023,7,6G,3688,,,,,,,,,gone
5/24/2023,7,2I,5052,,,,1,,,1,,
5/24/2023,7,3I,3636,,,,,,,,,gone
5/24/2023,7,3J,5053,,,,,,1,1,,
5/24/2023,7,8I,3994,,,,,,3,,,
5/24/2023,7,1B,3069,,,,,,,1,,
5/24/2023,7,3B,3375,,,,,,,2,,
5/24/2023,7,5H,3089,,,,2,,,,,
6/3/2023,7,15B,5032,,,,,,,3,,
6/3/2023,7,1D,3452,,,,,,2,1,,
6/3/2023,7,1E,5849,,,,,,,2,,
6/3/2023,7,4G,3450,,,,,,2,1,,
6/3/2023,7,15B,3446,,,,,,2,3,,
6/3/2023,7,0C,3981,,,,,,,1,,
6/3/2023,7,5C,7579,,,,,,1,,,
6/3/2023,7,7C,3044,,,,,,1,1,,
6/3/2023,7,8B,3874,,,,,,1,1,,
6/3/2023,7,9C,5047,,,,,,2,,,
6/3/2023,7,9B,3100,,,,,,1,,,
6/3/2023,7,4F,3401,,,,,,1,,,
6/3/2023,7,6G,7544,,,,,,1,,,
6/3/2023,7,6G,3368,,,,,,,1,,
6/3/2023,7,6G,3688,,,,,,,,,gone
6/3/2023,7,2I,5052,,,,,,1,1,,
6/3/2023,7,3I,3636,,,,,,,,,gone
6/3/2023,7,3J,5053,,,,,,1,1,,
6/3/2023,7,8I,3994,,,,,,2,1,,
6/3/2023,7,1B,3069,,,,,,,,,gone
6/3/2023,7,3B,3375,,,,,,,,,gone
6/3/2023,7,5H,3089,,,,,,,2,,
4/19/2023,10,6B,3655,,,,,,,,,
4/19/2023,10,8D,3929,,,,,,,,,
4/19/2023,10,9D,7698,,,,,,,,,
4/19/2023,10,5D,3353,,,,,,,,,
4/19/2023,10,5D,3547,,,,,,,,,
4/19/2023,10,1A,3190,,,,,,,,,
4/19/2023,10,7C,3378,,,,,,,,,
4/26/2023,10,6B,3655,1,,,,,,,,
4/26/2023,10,8D,3929,1,,,,,,,,
4/26/2023,10,9D,7698,1,,,,,,,,
4/26/2023,10,5D,3353,1,,,,,,,,
4/26/2023,10,5D,3547,1,,,,,,,,
4/26/2023,10,1A,3190,,,,,,,,,
4/26/2023,10,7C,3378,,,,,,,,,
5/4/2023,10,6B,3655,,1,,,,,,,
5/4/2023,10,8D,3929,,1,,,,,,,
5/4/2023,10,9D,7698,,1,,,,,,,
5/4/2023,10,5D,3353,,2,,,,,,,
5/4/2023,10,5D,3547,,1,,,,,,,
5/4/2023,10,1A,3190,,1,,,,,,,
5/4/2023,10,7C,3378,,1,,,,,,,
5/10/2023,10,6B,3655,1,1,,,,,,,
5/10/2023,10,8D,3929,,1,,,,,,,
5/10/2023,10,9D,7698,1,1,,,,,,,
5/10/2023,10,5D,3353,1,2,,,,,,,
5/10/2023,10,5D,3547,,1,,,,,,,
5/10/2023,10,1A,3190,1,1,,,,,,,
5/10/2023,10,7C,3378,,1,,,,,,,
5/15/2023,10,6B,3655,1,1,,1,,,,,
5/15/2023,10,8D,3929,1,,,1,,,,,
5/15/2023,10,9D,7698,,1,,1,,,,,
5/15/2023,10,5D,3353,1,1,,2,,,,,
5/15/2023,10,5D,3547,,,,1,,,,,
5/15/2023,10,1A,3190,,1,,1,,,,,
5/15/2023,10,7C,3378,2,1,,,,,,,
5/26/2023,10,6B,3655,,,,,,3,,,
5/26/2023,10,8D,3929,,,,,,2,,,
5/26/2023,10,9D,7698,,,,,,2,,,
5/26/2023,10,5D,3353,,,,,,4,,,
5/26/2023,10,5D,3547,,,,,,1,,,
5/26/2023,10,1A,3190,,,,,,2,,,
5/26/2023,10,7C,3378,,,,,,3,,,
6/4/2023,10,6B,3655,,,,,,2,,1,
6/4/2023,10,8D,3929,,,,,,2,,,
6/4/2023,10,9D,7698,,,,,,2,,,
6/4/2023,10,5D,3353,,,,,,3,,1,
6/4/2023,10,5D,3547,,,,,,1,,,
6/4/2023,10,1A,3190,,,,,,2,,,
6/4/2023,10,7C,3378,,,,,,3,,,
4/19/2023,12,17A,3578,,1,,,,,,,
4/19/2023,12,15I,3422,,,,,,,,,
4/19/2023,12,5E,3448,,,,,,,,,
4/19/2023,12,6F,3135,,,,,,,,,
4/19/2023,12,7G,3424,,,,,,,,,
4/19/2023,12,10B,3445,,,,,,,,,
4/19/2023,12,11B,7578,,,,,,,,,
4/19/2023,12,14B,3449,,,,,,,,,
4/19/2023,12,17B,3147,,,,,,,,,
4/19/2023,12,19A,3536,,,,,,,,,
4/19/2023,12,18C,3395,,,,,,,,,
4/19/2023,12,16J,3761,,,,,,,,,
4/19/2023,12,15I,3134,,,,,,,,,
4/19/2023,12,12H,3551,,,,,,,,,
4/19/2023,12,13C,7530,,,,,,,,,
4/19/2023,12,16B,3049,,,,,,,,,
4/19/2023,12,16I,3439,,,,,,,,,
4/19/2023,12,15I,3131,,,,,,,,,
4/19/2023,12,16J,3129,,,,,,,,,
4/19/2023,12,2H,3425,,,,,,,,,
4/26/2023,12,17A,3578,,1,,,,,,,
4/26/2023,12,15I,3422,1,,,,,,,,
4/26/2023,12,5E,3448,,,,,,,,,
4/26/2023,12,6F,3135,,,,,,,,,
4/26/2023,12,7G,3424,,,,,,,,,
4/26/2023,12,10B,3445,,,,,,,,,
4/26/2023,12,11B,7578,,,,,,,,,
4/26/2023,12,14B,3449,,,,,,,,,
4/26/2023,12,17B,3147,,,,,,,,,
4/26/2023,12,19A,3536,,,,,,,,,
4/26/2023,12,18C,3395,,,,,,,,,
4/26/2023,12,16J,3761,,,,,,,,,
4/26/2023,12,15I,3134,,,,,,,,,
4/26/2023,12,12H,3551,,,,,,,,,
4/26/2023,12,13C,7530,,,,,,,,,
4/26/2023,12,16B,3049,,,,,,,,,
4/26/2023,12,16I,3439,,,,,,,,,
4/26/2023,12,15I,3131,,,,,,,,,
4/26/2023,12,16J,3129,,,,,,,,,
4/26/2023,12,2H,3425,,,,,,,,,
5/4/2023,12,17A,3578,,2,,1,,,,,
5/4/2023,12,15I,3422,2,1,,,,,,,
5/4/2023,12,5E,3448,1,1,,,,,,,
5/4/2023,12,6F,3135,,1,,,,,,,
5/4/2023,12,7G,3424,1,1,,,,,,,
5/4/2023,12,10B,3445,,1,,,,,,,
5/4/2023,12,11B,7578,,1,,,,,,,
5/4/2023,12,14B,3449,2,1,,,,,,,
5/4/2023,12,17B,3147,,1,,,,,,,
5/4/2023,12,19A,3536,2,2,,,,,,,
5/4/2023,12,18C,3395,,1,,,,,,,
5/4/2023,12,16J,3761,1,1,,,,,,,
5/4/2023,12,15I,3134,,1,,,,,,,
5/4/2023,12,12H,3551,1,1,,,,,,,
5/4/2023,12,13C,7530,,1,,,,,,,
5/4/2023,12,16B,3049,1,,,,,,,,
5/4/2023,12,16I,3439,1,,,,,,,,
5/4/2023,12,15I,3131,1,,,,,,,,
5/4/2023,12,16J,3129,1,,,,,,,,
5/4/2023,12,2H,3425,,1,,,,,,,
5/15/2023,12,17A,3578,1,2,,,,,1,,
5/15/2023,12,15I,3422,,1,,1,,,,,stem broken
5/15/2023,12,5E,3448,1,1,,,,,,,
5/15/2023,12,6F,3135,,1,,,,,,,
5/15/2023,12,7G,3424,1,1,,,,,,,
5/15/2023,12,10B,3445,,1,,,,,,,
5/15/2023,12,11B,7578,2,1,,,,,,,
5/15/2023,12,14B,3449,,2,,1,,,,,
5/15/2023,12,17B,3147,1,1,,,,,,,
5/15/2023,12,19A,3536,1,3,,1,,,,,
5/15/2023,12,18C,3395,,1,,,,,,,
5/15/2023,12,16J,3761,1,,,1,,,,,
5/15/2023,12,15I,3134,1,1,,,,,,,
5/15/2023,12,12H,3551,,1,,1,,,,,
5/15/2023,12,13C,7530,,1,,,,,,,
5/15/2023,12,16B,3049,,1,,,,,,,
5/15/2023,12,16I,3439,,1,,,,,,,
5/15/2023,12,15I,3131,,1,,,,,,,
5/15/2023,12,16J,3129,,1,,,,,,,
5/15/2023,12,2H,3425,1,1,,,,,,,
5/25/2023,12,17A,3578,,,,,,3,1,,
5/25/2023,12,15I,3422,,,,,,1,1,,
5/25/2023,12,5E,3448,,,,,,2,,,
5/25/2023,12,6F,3135,,,,,,1,,,
5/25/2023,12,7G,3424,,,,,,2,,,
5/25/2023,12,10B,3445,,,,1,,,,,
5/25/2023,12,11B,7578,,,,,,4,,,
5/25/2023,12,14B,3449,,,,,,3,,,
5/25/2023,12,17B,3147,,,,,,2,,,
5/25/2023,12,19A,3536,,,,,,4,,,
5/25/2023,12,18C,3395,,,,,,1,,,
5/25/2023,12,16J,3761,,,,,,2,,,
5/25/2023,12,15I,3134,,,,,,2,,,
5/25/2023,12,12H,3551,,,,1,,1,,,
5/25/2023,12,13C,7530,,,,,,1,,,
5/25/2023,12,16B,3049,,,,,,1,,,
5/25/2023,12,16I,3439,,,,,,1,,,
5/25/2023,12,15I,3131,,,,,,1,,,
5/25/2023,12,16J,3129,,,,,,1,,,
5/25/2023,12,2H,3425,,1,,,,1,,,
6/4/2023,12,17A,3578,,,,,,3,1,,
6/4/2023,12,15I,3422,,,,,,1,1,,
6/4/2023,12,5E,3448,,,,,,2,,,
6/4/2023,12,6F,3135,,,,,,1,,,
6/4/2023,12,7G,3424,,,,,,1,1,,
6/4/2023,12,10B,3445,,,,,,,1,,
6/4/2023,12,11B,7578,,,,,,4,,,
6/4/2023,12,14B,3449,,,,,,2,1,,
6/4/2023,12,17B,3147,,,,,,2,,,
6/4/2023,12,19A,3536,,,,,,4,,,
6/4/2023,12,18C,3395,,,,,,1,,,
6/4/2023,12,16J,3761,,,,,,2,,,
6/4/2023,12,15I,3134,,,,,,2,,,
6/4/2023,12,12H,3551,,,,,,1,1,,
6/4/2023,12,13C,7530,,,,,,1,,,
6/4/2023,12,16B,3049,,,,,,,,1,
6/4/2023,12,16I,3439,,,,,,1,,,
6/4/2023,12,15I,3131,,,,,,1,,,
6/4/2023,12,16J,3129,,,,,,1,,,
6/4/2023,12,2H,3425,,,,,,2,,,
5/15/2023,13,0D,3428,,1,,,,,,,
5/15/2023,13,0C,3422,,1,,,,,,,
5/15/2023,13,8C,3638,,,,,,,,,
5/15/2023,13,3E,3026,,,,,,,,,
5/15/2023,13,6G,3384,,,,,,,,,
5/25/2023,13,0D,3428,,,,,,,1,,
5/25/2023,13,0C,3422,,,,1,,,,,
5/25/2023,13,8C,3638,,1,,,,,,,
5/25/2023,13,3E,3026,,,,1,,,,,
5/25/2023,13,6G,3384,,1,,,,,,,
6/4/2023,13,0D,3428,,,,,,,1,,
6/4/2023,13,0C,3422,,,,,,1,,,
6/4/2023,13,8C,3638,,,,,,1,,,
6/4/2023,13,3E,3026,,,,,,1,,,
6/4/2023,13,6G,3384,,,,,,1,,,
6/8/2023,13,0D,3428,,,,,,,,,
6/8/2023,13,0C,3422,,,,,,,,,
6/8/2023,13,8C,3638,,,,,,,,,
6/8/2023,13,3E,3026,,,,,,,,,
6/8/2023,13,6G,3384,,,,,,,,,
4/19/2023,13,7A,3155,1,,,,,,,,
4/19/2023,13,1B,3441,,,,,,,,,
4/19/2023,13,3B,3336,,,,,,,,,
4/19/2023,13,5H,3123,,,,,,,,,
4/19/2023,13,8G,7571,,,,,,,,,
4/19/2023,13,9G,3642,,,,,,,,,
4/19/2023,13,5A,3826,,,,,,,,,
4/19/2023,13,10B,3616,,,,,,,,,
4/19/2023,13,0D,3431,,,,,,,,,
4/19/2023,13,0D,3429,,,,,,,,,
4/19/2023,13,1D,3178,,,,,,,,,
4/19/2023,13,3A,3433,,,,,,,,,
4/19/2023,13,4C,7537,,,,,,,,,
4/19/2023,13,5B,3382,,,,,,,,,
4/19/2023,13,3G,7527,,,,,,,,,
4/19/2023,13,2G,3978,,,,,,,,,
4/19/2023,13,0G,3769,,,,,,,,,
4/19/2023,13,0F,3980,,,,,,,,,
4/19/2023,13,2H,3604,,,,,,,,,
4/19/2023,13,2H,3120,,,,,,,,,
4/19/2023,13,3J,3367,,,,,,,,,
4/19/2023,13,3J,3400,,,,,,,,,
4/19/2023,13,0J,3187,,,,,,,,,
4/19/2023,13,9B,3088,,,,,,,,,
4/19/2023,13,9B,3590,,,,,,,,,
4/19/2023,13,8G,3390,,,,,,,,,
4/19/2023,13,8G,3391,,,,,,,,,
4/19/2023,13,7H,3427,,,,,,,,,
4/19/2023,13,7I,7589,,,,,,,,,
4/19/2023,13,7J,7592,,,,,,,,,
4/19/2023,13,9H,3119,,,,,,,,,
4/19/2023,13,9G,3018,,,,,,,,,
4/19/2023,13,9A,3694,,,,,,,,,
4/19/2023,13,4I,3778,,,,,,,,,
4/19/2023,13,0F,3726,,,,,,,,,
4/19/2023,13,0C,3421,,,,,,,,,
4/26/2023,13,7A,3155,1,,,,,,,,
4/26/2023,13,1B,3441,1,,,,,,,,
4/26/2023,13,3B,3336,2,,,,,,,,
4/26/2023,13,5H,3123,3,,,,,,,,
4/26/2023,13,8G,7571,1,,,,,,,,
4/26/2023,13,9G,3642,2,,,,,,,,
4/26/2023,13,5A,3826,1,,,,,,,,
4/26/2023,13,10B,3616,1,,,,,,,,
4/26/2023,13,0D,3431,,,,,,,,,
4/26/2023,13,0D,3429,,,,,,,,,
4/26/2023,13,1D,3178,,,,,,,,,
4/26/2023,13,3A,3433,,,,,,,,,
4/26/2023,13,4C,7537,,,,,,,,,
4/26/2023,13,5B,3382,,,,,,,,,
4/26/2023,13,3G,7527,,,,,,,,,
4/26/2023,13,2G,3978,,,,,,,,,
4/26/2023,13,0G,3769,,,,,,,,,
4/26/2023,13,0F,3980,,,,,,,,,
4/26/2023,13,2H,3604,,,,,,,,,
4/26/2023,13,2H,3120,,,,,,,,,
4/26/2023,13,3J,3367,,,,,,,,,
4/26/2023,13,3J,3400,,,,,,,,,
4/26/2023,13,0J,3187,,,,,,,,,
4/26/2023,13,9B,3088,,,,,,,,,
4/26/2023,13,9B,3590,,,,,,,,,
4/26/2023,13,8G,3390,,,,,,,,,
4/26/2023,13,8G,3391,,,,,,,,,
4/26/2023,13,7H,3427,,,,,,,,,
4/26/2023,13,7I,7589,,,,,,,,,
4/26/2023,13,7J,7592,,,,,,,,,
4/26/2023,13,9H,3119,,,,,,,,,
4/26/2023,13,9G,3018,,,,,,,,,
4/26/2023,13,9A,3694,,,,,,,,,
4/26/2023,13,4I,3778,,,,,,,,,
4/26/2023,13,0F,3726,,,,,,,,,
4/26/2023,13,0C,3421,,,,,,,,,
5/4/2023,13,7A,3155,2,1,,,,,,,
5/4/2023,13,1B,3441,,1,,,,,,,
5/4/2023,13,3B,3336,,2,,,,,,,
5/4/2023,13,5H,3123,,3,,,,,,,
5/4/2023,13,8G,7571,,1,,,,,,,
5/4/2023,13,9G,3642,1,2,,,,,,,
5/4/2023,13,5A,3826,1,1,,,,,,,
5/4/2023,13,10B,3616,2,1,,,,,,,
5/4/2023,13,0D,3431,,,,,,,2,,
5/4/2023,13,0D,3429,,1,,,,,,,
5/4/2023,13,1D,3178,,1,,,,,,,
5/4/2023,13,3A,3433,,1,,,,,,,
5/4/2023,13,4C,7537,,1,,,,,,,
5/4/2023,13,5B,3382,,1,,,,,,,
5/4/2023,13,3G,7527,1,,,,,,,,
5/4/2023,13,2G,3978,,1,,,,,,,
5/4/2023,13,0G,3769,,1,,,,,,,
5/4/2023,13,0F,3980,2,,,,,,,,
5/4/2023,13,2H,3604,2,2,,,,,,,
5/4/2023,13,2H,3120,,2,,,,,,,
5/4/2023,13,3J,3367,2,1,,,,,,,
5/4/2023,13,3J,3400,2,,,,,,,,
5/4/2023,13,0J,3187,1,1,,,,,,,
5/4/2023,13,9B,3088,1,,,,,,,,
5/4/2023,13,9B,3590,1,,,,,,,,
5/4/2023,13,8G,3390,,1,,,,,,,
5/4/2023,13,8G,3391,1,,,,,,,,
5/4/2023,13,7H,3427,1,,,,,,,,
5/4/2023,13,7I,7589,1,,,,,,,,
5/4/2023,13,7J,7592,,1,,,,,,,
5/4/2023,13,9H,3119,2,,,,,,,,
5/4/2023,13,9G,3018,1,,,,,,,,
5/4/2023,13,9A,3694,,,,,,,,,
5/4/2023,13,4I,3778,,,,,,,,,
5/4/2023,13,0F,3726,,,,,,,,,
5/4/2023,13,0C,3421,,,,,,,,,
5/10/2023,13,7A,3155,,2,,1,,,,,1 F bent
5/10/2023,13,1B,3441,2,1,,,,,,,
5/10/2023,13,3B,3336,2,2,,,,,,,
5/10/2023,13,5H,3123,4,1,,3,,,,,
5/10/2023,13,8G,7571,,1,,,,,,,
5/10/2023,13,9G,3642,1,2,,,,,,,
5/10/2023,13,5A,3826,2,1,,,,,,,
5/10/2023,13,10B,3616,,1,,,,,,2,
5/10/2023,13,0D,3431,1,2,,,,,,,
5/10/2023,13,0D,3429,1,1,,,,,,,
5/10/2023,13,1D,3178,1,1,,,,,,,
5/10/2023,13,3A,3433,2,1,,,,,,,
5/10/2023,13,4C,7537,1,1,,,,,,,
5/10/2023,13,5B,3382,2,,,,,,,,1 broken
5/10/2023,13,3G,7527,,1,,,,,,,
5/10/2023,13,2G,3978,3,,,1,,,,,
5/10/2023,13,0G,3769,,1,,,,,,,
5/10/2023,13,0F,3980,,1,,,,,,,"1 F, 1?"
5/10/2023,13,2H,3604,4,2,,,,,,,
5/10/2023,13,2H,3120,2,2,,,,,,,
5/10/2023,13,3J,3367,2,1,,,,,,,
5/10/2023,13,3J,3400,,2,,,,,,,
5/10/2023,13,0J,3187,,2,,,,,,,
5/10/2023,13,9B,3088,,1,,,,,,,
5/10/2023,13,9B,3590,,,,,,,,,"no flower, eaten?"
5/10/2023,13,8G,3390,,1,,,,,,,
5/10/2023,13,8G,3391,,1,,,,,,,
5/10/2023,13,7H,3427,,1,,,,,,,
5/10/2023,13,7I,7589,1,,,,,,,,
5/10/2023,13,7J,7592,1,1,,,,,,,
5/10/2023,13,9H,3119,,2,,,,,,,
5/10/2023,13,9G,3018,1,1,,,,,,,
5/10/2023,13,9A,3694,,1,,,,,,,
5/10/2023,13,4I,3778,1,,,,,,,,
5/10/2023,13,0F,3726,1,,,,,,,,1 B but pulled
5/10/2023,13,0C,3421,,,,,,,,,
5/15/2023,13,7A,3155,,2,,1,,,,,1 F sad
5/15/2023,13,1B,3441,,2,,1,,,,,
5/15/2023,13,3B,3336,2,1,,1,,,,,
5/15/2023,13,5H,3123,,6,,3,,,,,
5/15/2023,13,8G,7571,1,1,,,,,,,
5/15/2023,13,9G,3642,,4,,1,,,,,
5/15/2023,13,5A,3826,,2,,1,,,,,
5/15/2023,13,10B,3616,,1,,,,,,,
5/15/2023,13,0D,3431,2,2,,,,,,,
5/15/2023,13,0D,3429,1,1,,,,,,,
5/15/2023,13,1D,3178,1,,,1,,,,,
5/15/2023,13,3A,3433,2,,,1,,,,,
5/15/2023,13,4C,7537,2,,,1,,,,,
5/15/2023,13,5B,3382,2,,,,,,,,
5/15/2023,13,3G,7527,1,1,,,,,,,
5/15/2023,13,2G,3978,3,2,,1,,,,,
5/15/2023,13,0G,3769,1,,,1,,,,,
5/15/2023,13,0F,3980,1,1,,,,,,,
5/15/2023,13,2H,3604,1,3,,2,,,,,
5/15/2023,13,2H,3120,2,1,,2,,,,,
5/15/2023,13,3J,3367,,2,,1,,,,,
5/15/2023,13,3J,3400,,2,,,,,,,
5/15/2023,13,0J,3187,2,,,1,,,,,
5/15/2023,13,9B,3088,2,1,,,,,,,
5/15/2023,13,9B,3590,,,,,,,,,nothing
5/15/2023,13,8G,3390,,2,,1,,,,,
5/15/2023,13,8G,3391,1,1,,,,,,,
5/15/2023,13,7H,3427,2,1,,,,,,,
5/15/2023,13,7I,7589,1,1,,,,,,,
5/15/2023,13,7J,7592,,1,,1,,,,,
5/15/2023,13,9H,3119,3,2,,,,,,,
5/15/2023,13,9G,3018,1,1,,,,,,,
5/15/2023,13,9A,3694,1,1,,,,,,,
5/15/2023,13,4I,3778,,1,,,,,,,
5/15/2023,13,0F,3726,1,,,,,,,,
5/15/2023,13,0C,3421,1,,,,,,,,
5/25/2023,13,7A,3155,,,,,,1,1,1,
5/25/2023,13,1B,3441,,,,,,2,1,,
5/25/2023,13,3B,3336,,,,,,2,1,,
5/25/2023,13,5H,3123,,,,,,6,3,,
5/25/2023,13,8G,7571,,,,,,2,,,
5/25/2023,13,9G,3642,,,,,,5,,,
5/25/2023,13,5A,3826,,,,,,2,1,,
5/25/2023,13,10B,3616,,,,,,1,,,
5/25/2023,13,0D,3431,,,,2,,3,,,
5/25/2023,13,0D,3429,,,,2,,,,,
5/25/2023,13,1D,3178,,,,,,2,,,
5/25/2023,13,3A,3433,,,,,,2,1,,
5/25/2023,13,4C,7537,,,,,,1,2,,
5/25/2023,13,5B,3382,,,,2,,,,,
5/25/2023,13,3G,7527,,,,2,,,,,
5/25/2023,13,2G,3978,,,,3,,1,,,
5/25/2023,13,0G,3769,,,,3,,,,,
5/25/2023,13,0F,3980,,,,2,,,,,
5/25/2023,13,2H,3604,,,,,,4,2,,
5/25/2023,13,2H,3120,,,,1,,2,2,,
5/25/2023,13,3J,3367,,,,,,3,1,,
5/25/2023,13,3J,3400,,,,2,,,,,
5/25/2023,13,0J,3187,,,,2,,1,,,
5/25/2023,13,9B,3088,,,,2,,1,,,
5/25/2023,13,9B,3590,,,,,,,,,gone
5/25/2023,13,8G,3390,,,,,,2,,,
5/25/2023,13,8G,3391,,,,,,2,,,
5/25/2023,13,7H,3427,,,,,,3,,,
5/25/2023,13,7I,7589,,1,,,,,1,,
5/25/2023,13,7J,7592,,,,,,3,,,
5/25/2023,13,9H,3119,,,,4,,,1,,
5/25/2023,13,9G,3018,,2,,,,3,,,
5/25/2023,13,9A,3694,,,,1,,1,,,
5/25/2023,13,4I,3778,,,,1,,,,,
5/25/2023,13,0F,3726,,,,1,,,,,
5/25/2023,13,0C,3421,,,,1,,,1,,
6/4/2023,13,7A,3155,,,,,,1,1,1,
6/4/2023,13,1B,3441,,,,,,2,1,,
6/4/2023,13,3B,3336,,,,,,3,1,,
6/4/2023,13,5H,3123,,,,,,6,3,,
6/4/2023,13,8G,7571,,,,,,2,,,
6/4/2023,13,9G,3642,,,,,,5,,,
6/4/2023,13,5A,3826,,,,,,2,1,,
6/4/2023,13,10B,3616,,,,,,1,,,
6/4/2023,13,0D,3431,,,,,,4,1,,
6/4/2023,13,0D,3429,,,,,,1,1,,
6/4/2023,13,1D,3178,,,,,,2,,,
6/4/2023,13,3A,3433,,,,,,2,1,,
6/4/2023,13,4C,7537,,,,,,1,2,,
6/4/2023,13,5B,3382,,,,,,1,1,,
6/4/2023,13,3G,7527,,,,,,1,1,,
6/4/2023,13,2G,3978,,,,,,4,,,
6/4/2023,13,0G,3769,,,,,,2,1,,
6/4/2023,13,0F,3980,,,,,,2,,,
6/4/2023,13,2H,3604,,,,,,4,2,,
6/4/2023,13,2H,3120,,,,,,3,2,,
6/4/2023,13,3J,3367,,,,,,2,2,,
6/4/2023,13,3J,3400,,,,,,2,,,
6/4/2023,13,0J,3187,,,,,,2,1,,
6/4/2023,13,9B,3088,,,,,,2,1,,
6/4/2023,13,9B,3590,,,,,,,,,gone
6/4/2023,13,8G,3390,,,,,,2,,,
6/4/2023,13,8G,3391,,,,,,2,,,
6/4/2023,13,7H,3427,,,,,,3,,,
6/4/2023,13,7I,7589,,,,,,,2,,
6/4/2023,13,7J,7592,,,,,,2,,1,
6/4/2023,13,9H,3119,,,,,,2,3,,
6/4/2023,13,9G,3018,,,,,,5,,,
6/4/2023,13,9A,3694,,,,,,2,,,
6/4/2023,13,4I,3778,,,,,,1,,,
6/4/2023,13,0F,3726,,,,,,1,,,
6/4/2023,13,0C,3421,,,,,,1,1,,
6/8/2023,13,7A,3155,,,,,,,,,
6/8/2023,13,1B,3441,,,,,,,,,
6/8/2023,13,3B,3336,,,,,,,,,
6/8/2023,13,5H,3123,,,,,,,,,
6/8/2023,13,8G,7571,,,,,,,,,
6/8/2023,13,9G,3642,,,,,,,,,
6/8/2023,13,5A,3826,,,,,,,,,
6/8/2023,13,10B,3616,,,,,,,,,
6/8/2023,13,0D,3431,,,,,,,,,
6/8/2023,13,0D,3429,,,,,,,,,
6/8/2023,13,1D,3178,,,,,,,,,
6/8/2023,13,3A,3433,,,,,,,,,
6/8/2023,13,4C,7537,,,,,,,,,
6/8/2023,13,5B,3382,,,,,,,,,
6/8/2023,13,3G,7527,,,,,,,,,
6/8/2023,13,2G,3978,,,,,,,,,
6/8/2023,13,0G,3769,,,,,,,,,
6/8/2023,13,0F,3980,,,,,,,,,
6/8/2023,13,2H,3604,,,,,,,,,
6/8/2023,13,2H,3120,,,,,,,,,
6/8/2023,13,3J,3367,,,,,,,,,
6/8/2023,13,3J,3400,,,,,,,,,
6/8/2023,13,0J,3187,,,,,,,,,
6/8/2023,13,9B,3088,,,,,,,,,
6/8/2023,13,9B,3590,,,,,,,,,
6/8/2023,13,8G,3390,,,,,,,,,
6/8/2023,13,8G,3391,,,,,,,,,
6/8/2023,13,7H,3427,,,,,,,,,
6/8/2023,13,7I,7589,,,,,,,,,
6/8/2023,13,7J,7592,,,,,,,,,
6/8/2023,13,9H,3119,,,,,,,,,
6/8/2023,13,9G,3018,,,,,,5,,,
6/8/2023,13,9A,3694,,,,,,,,,
6/8/2023,13,4I,3778,,,,,,,,,
6/8/2023,13,0F,3726,,,,,,,,,
6/8/2023,13,0C,3421,,,,,,,,,
4/19/2023,14,10C,3360,1,,,,,,,,
4/19/2023,14,17I,3556,1,,,,,,,,
4/19/2023,14,5B,3158,,,,,,,,,
4/19/2023,14,1A,3495,,,,,,,,,
4/19/2023,14,6C,3671,,,,,,,,,
4/19/2023,14,4A,3469,,,,,,,,,
4/19/2023,14,5A,3382,,,,,,,,,
4/19/2023,14,17C,3526,,,,,,,,,
4/19/2023,14,17I,3363,,,,,,,,,
4/19/2023,14,2A,3464,,,,,,,,,
4/19/2023,14,3A,3379,,,,,,,,,
4/19/2023,14,3A,3459,,,,,,,,,
4/19/2023,14,3A,3058,,,,,,,,,
4/19/2023,14,7B,3689,,,,,,,,,
4/19/2023,14,0G,3699,,,,,,,,,
4/19/2023,14,1F,3431,,,,,,,,,
4/19/2023,14,1H,3754,,,,,,,,,
4/19/2023,14,4J,3432,,,,,,,,,
4/19/2023,14,8B,3430,,,,,,,,,
4/19/2023,14,8B,3300,,,,,,,,,
4/19/2023,14,9B,3305,,,,,,,,,
4/19/2023,14,7C,3926,,,,,,,,,
4/19/2023,14,5E,3913,,,,,,,,,
4/19/2023,14,6F,7557,,,,,,,,,
4/19/2023,14,4A,3035,,,,,,,,,
4/19/2023,14,5A,7528,,,,,,,,,
4/19/2023,14,9A,3520,,,,,,,,,
4/19/2023,14,6A,3463,,,,,,,,,
4/19/2023,14,4G,3711,,,,,,,,,
4/19/2023,14,7E,3816,,,,,,,,,
4/19/2023,14,6D,3475,,,,,,,,,
4/19/2023,14,2I,3752,,,,,,,,,
4/26/2023,14,10C,3360,1,,,,,,,,
4/26/2023,14,17I,3556,,1,,,,,,,
4/26/2023,14,5B,3158,1,,,,,,,,
4/26/2023,14,1A,3495,1,,,,,,,,
4/26/2023,14,6C,3671,1,,,,,,,,
4/26/2023,14,4A,3469,2,,,,,,,,
4/26/2023,14,5A,3382,1,,,,,,,,
4/26/2023,14,17C,3526,1,,,,,,,,
4/26/2023,14,17I,3363,1,,,,,,,,
4/26/2023,14,2A,3464,,,,,,,,,
4/26/2023,14,3A,3379,,,,,,,,,
4/26/2023,14,3A,3459,,,,,,,,,
4/26/2023,14,3A,3058,,,,,,,,,
4/26/2023,14,7B,3689,,,,,,,,,
4/26/2023,14,0G,3699,,,,,,,,,
4/26/2023,14,1F,3431,,,,,,,,,
4/26/2023,14,1H,3754,,,,,,,,,
4/26/2023,14,4J,3432,,,,,,,,,
4/26/2023,14,8B,3430,,,,,,,,,
4/26/2023,14,8B,3300,,,,,,,,,
4/26/2023,14,9B,3305,,,,,,,,,
4/26/2023,14,7C,3926,,,,,,,,,
4/26/2023,14,5E,3913,,,,,,,,,
4/26/2023,14,6F,7557,,,,,,,,,
4/26/2023,14,4A,3035,,,,,,,,,
4/26/2023,14,5A,7528,,,,,,,,,
4/26/2023,14,9A,3520,,,,,,,,,
4/26/2023,14,6A,3463,,,,,,,,,
4/26/2023,14,4G,3711,,,,,,,,,
4/26/2023,14,7E,3816,,,,,,,,,
4/26/2023,14,6D,3475,,,,,,,,,
4/26/2023,14,2I,3752,,,,,,,,,
5/4/2023,14,10C,3360,1,1,,,,,,,
5/4/2023,14,17I,3556,,,,,,,,,
5/4/2023,14,5B,3158,,1,,,,,,,
5/4/2023,14,1A,3495,,1,,,,,,,
5/4/2023,14,6C,3671,1,1,,,,,,,
5/4/2023,14,4A,3469,,2,,,,,,,
5/4/2023,14,5A,3382,,2,,,,,,,
5/4/2023,14,17C,3526,,,,,,,,,
5/4/2023,14,17I,3363,,,,,,,,,
5/4/2023,14,2A,3464,1,,,,,,,,
5/4/2023,14,3A,3379,,1,,,,,,,
5/4/2023,14,3A,3459,1,,,,,,,,
5/4/2023,14,3A,3058,1,,,,,,,,
5/4/2023,14,7B,3689,1,,,,,,,,
5/4/2023,14,0G,3699,1,,,,,,,,
5/4/2023,14,1F,3431,1,,,,,,,,
5/4/2023,14,1H,3754,1,,,,,,,,
5/4/2023,14,4J,3432,,1,,,,,,,
5/4/2023,14,8B,3430,1,,,,,,,,
5/4/2023,14,8B,3300,1,,,,,,,,
5/4/2023,14,9B,3305,,1,,,,,,,
5/4/2023,14,7C,3926,,1,,,,,,,
5/4/2023,14,5E,3913,,1,,,,,,,
5/4/2023,14,6F,7557,2,,,,,,,,
5/4/2023,14,4A,3035,,,,,,,,,
5/4/2023,14,5A,7528,,,,,,,,,
5/4/2023,14,9A,3520,,,,,,,,,
5/4/2023,14,6A,3463,,,,,,,,,
5/4/2023,14,4G,3711,,,,,,,,,
5/4/2023,14,7E,3816,,,,,,,,,
5/4/2023,14,6D,3475,,,,,,,,,
5/4/2023,14,2I,3752,,,,,,,,,
5/10/2023,14,10C,3360,1,1,,,,,,,
5/10/2023,14,17I,3556,,,,,,,,,
5/10/2023,14,5B,3158,1,1,,,,,,,
5/10/2023,14,1A,3495,1,1,,,,,,,
5/10/2023,14,6C,3671,2,1,,,,,,,
5/10/2023,14,4A,3469,2,2,,,,,,,
5/10/2023,14,5A,3382,1,1,,,,,,,
5/10/2023,14,17C,3526,,,,,,,,,
5/10/2023,14,17I,3363,,,,,,,,,
5/10/2023,14,2A,3464,,1,,,,,,,
5/10/2023,14,3A,3379,,1,,,,,,,
5/10/2023,14,3A,3459,,1,,,,,,,
5/10/2023,14,3A,3058,,1,,,,,,,
5/10/2023,14,7B,3689,,1,,,,,,,
5/10/2023,14,0G,3699,,1,,,,,,,
5/10/2023,14,1F,3431,,1,,,,,,,
5/10/2023,14,1H,3754,,1,,,,,,,
5/10/2023,14,4J,3432,1,,,,,,,,1 broken stalk
5/10/2023,14,8B,3430,,1,,,,,,,
5/10/2023,14,8B,3300,,1,,,,,,,
5/10/2023,14,9B,3305,1,1,,,,,,,
5/10/2023,14,7C,3926,2,2,,,,,,,
5/10/2023,14,5E,3913,2,1,,,,,,,
5/10/2023,14,6F,7557,1,1,,,,,,,
5/10/2023,14,4A,3035,,1,,,,,,,
5/10/2023,14,5A,7528,,1,,,,,,,
5/10/2023,14,9A,3520,,1,,,,,,,
5/10/2023,14,6A,3463,,1,,,,,,,
5/10/2023,14,4G,3711,,,,,,,,,
5/10/2023,14,7E,3816,,,,,,,,,
5/10/2023,14,6D,3475,,,,,,,,,
5/10/2023,14,2I,3752,,,,,,,,,
5/15/2023,14,10C,3360,,1,,1,,,,,
5/15/2023,14,17I,3556,,,,,,,,,
5/15/2023,14,5B,3158,2,,,1,,,,,
5/15/2023,14,1A,3495,1,,,1,,,,,
5/15/2023,14,6C,3671,,2,,1,,,,,
5/15/2023,14,4A,3469,1,1,,2,,,,,
5/15/2023,14,5A,3382,,,,1,,,,,"1 FLP, 1?"
5/15/2023,14,17C,3526,,,,,,,,,
5/15/2023,14,17I,3363,,,,,,,,,
5/15/2023,14,2A,3464,,1,,,,,,,
5/15/2023,14,3A,3379,1,,,1,,,,,
5/15/2023,14,3A,3459,1,1,,,,,,,
5/15/2023,14,3A,3058,,,,1,,,,,
5/15/2023,14,7B,3689,,1,,,,,,,
5/15/2023,14,0G,3699,1,1,,,,,,,
5/15/2023,14,1F,3431,1,,,1,,,,,
5/15/2023,14,1H,3754,,1,,,,,,,
5/15/2023,14,4J,3432,1,,,,,,,,1 broken
5/15/2023,14,8B,3430,1,1,,,,,,,
5/15/2023,14,8B,3300,,1,,,,,,,
5/15/2023,14,9B,3305,1,,,1,,,,,
5/15/2023,14,7C,3926,2,1,,1,,,,,
5/15/2023,14,5E,3913,2,1,,,,,,,
5/15/2023,14,6F,7557,,1,,,,,1,,
5/15/2023,14,4A,3035,,1,,,,,,,
5/15/2023,14,5A,7528,,1,,,,,,,
5/15/2023,14,9A,3520,,1,,,,,,,
5/15/2023,14,6A,3463,,,,,,,,,can't find
5/15/2023,14,4G,3711,1,,,,,,,,
5/15/2023,14,7E,3816,,1,,,,,,,
5/15/2023,14,6D,3475,,1,,,,,,,
5/15/2023,14,2I,3752,1,,,,,,,,
5/25/2023,14,10C,3360,,,,,,2,1,,
5/25/2023,14,17I,3556,,,,,,,,,
5/25/2023,14,5B,3158,,,,,,2,1,,
5/25/2023,14,1A,3495,,,,,,1,1,,
5/25/2023,14,6C,3671,,,,,,2,1,,
5/25/2023,14,4A,3469,,,,,,2,2,,
5/25/2023,14,5A,3382,,,,,,1,,,
5/25/2023,14,17C,3526,,,,,,,,,
5/25/2023,14,17I,3363,,,,,,,,,
5/25/2023,14,2A,3464,,,,,,1,,,
5/25/2023,14,3A,3379,,,,,,1,1,,
5/25/2023,14,3A,3459,,1,,,,1,,,
5/25/2023,14,3A,3058,,,,,,,2,,
5/25/2023,14,7B,3689,,,,,,,1,,
5/25/2023,14,0G,3699,,1,,,,1,,,
5/25/2023,14,1F,3431,,,,,,1,1,,
5/25/2023,14,1H,3754,,,,,,1,,,
5/25/2023,14,4J,3432,,,,,,1,,,
5/25/2023,14,8B,3430,,,,,,2,,,
5/25/2023,14,8B,3300,,,,,,1,,,
5/25/2023,14,9B,3305,,,,,,2,,,
5/25/2023,14,7C,3926,,,,,,3,1,,
5/25/2023,14,5E,3913,,,,,,3,,,
5/25/2023,14,6F,7557,,,,,,1,1,,
5/25/2023,14,4A,3035,,,,,,1,,,
5/25/2023,14,5A,7528,,,,,,1,,,
5/25/2023,14,9A,3520,,,,,,1,,,
5/25/2023,14,6A,3463,,,,,,,,,no umbels
5/25/2023,14,4G,3711,,,,,,1,,,
5/25/2023,14,7E,3816,,,,,,1,,,
5/25/2023,14,6D,3475,,,,,,1,,,
5/25/2023,14,2I,3752,,1,,,,,,,
6/3/2023,14,10C,3360,,,,,,2,1,,
6/3/2023,14,17I,3556,,,,,,,,,
6/3/2023,14,5B,3158,,,,,,2,1,,
6/3/2023,14,1A,3495,,,,,,1,1,,
6/3/2023,14,6C,3671,,,,,,2,1,,
6/3/2023,14,4A,3469,,,,,,2,2,,
6/3/2023,14,5A,3382,,,,,,1,,,
6/3/2023,14,17C,3526,,,,,,,,,
6/3/2023,14,17I,3363,,,,,,,,,
6/3/2023,14,2A,3464,,,,,,1,,,
6/3/2023,14,3A,3379,,,,,,1,1,,
6/3/2023,14,3A,3459,,,,,,1,,1,
6/3/2023,14,3A,3058,,,,,,,2,,
6/3/2023,14,7B,3689,,,,,,,1,,
6/3/2023,14,0G,3699,,,,,,2,,,
6/3/2023,14,1F,3431,,,,,,1,1,,
6/3/2023,14,1H,3754,,,,,,1,,,
6/3/2023,14,4J,3432,,,,,,1,,,
6/3/2023,14,8B,3430,,,,,,2,,,
6/3/2023,14,8B,3300,,,,,,1,,,
6/3/2023,14,9B,3305,,,,,,2,,,
6/3/2023,14,7C,3926,,,,,,3,1,,
6/3/2023,14,5E,3913,,,,,,3,,,
6/3/2023,14,6F,7557,,,,,,1,1,,
6/3/2023,14,4A,3035,,,,,,1,,,
6/3/2023,14,5A,7528,,,,,,1,,,
6/3/2023,14,9A,3520,,,,,,1,,,
6/3/2023,14,6A,3463,,,,,,,,,no plant
6/3/2023,14,4G,3711,,,,,,1,,,
6/3/2023,14,7E,3816,,,,,,1,,,
6/3/2023,14,6D,3475,,,,,,1,,,
6/3/2023,14,2I,3752,,,,,,1,,,
4/19/2023,15,17B,3116,3,,,,,,,,
4/19/2023,15,2I,7572,,,,,,,,,
4/19/2023,15,1J,3882,,,,,,,,,
4/19/2023,15,2F,3065,,,,,,,,,
4/19/2023,15,4H,3417,,,,,,,,,
4/19/2023,15,5H,3068,,,,,,,,,
4/19/2023,15,4B,3659,,,,,,,,,
4/19/2023,15,10B,3354,,,,,,,,,
4/19/2023,15,11H,3401,,,,,,,,,
4/19/2023,15,14B,3736,,,,,,,,,
4/19/2023,15,14C,3813,,,,,,,,,
4/19/2023,15,15C,3455,,,,,,,,,
4/19/2023,15,13E,3493,,,,,,,,,
4/19/2023,15,14G,3489,,,,,,,,,
4/19/2023,15,14H,3377,,,,,,,,,
4/19/2023,15,17E,3491,,,,,,,,,
4/19/2023,15,18A,3457,,,,,,,,,
4/19/2023,15,16A,3391,,,,,,,,,
4/19/2023,15,16G,3395,,,,,,,,,
4/19/2023,15,10A,3673,,,,,,,,,
4/19/2023,15,11B,3490,,,,,,,,,
4/19/2023,15,10C,3500,,,,,,,,,
4/19/2023,15,13B,3371,,,,,,,,,
4/19/2023,15,14B,3498,,,,,,,,,
4/19/2023,15,11D,3612,,,,,,,,,
4/19/2023,15,1E,7521,,,,,,,,,
4/19/2023,15,10F,3397,,,,,,,,,
4/19/2023,15,11H,3297,,,,,,,,,
4/19/2023,15,0H,3734,,,,,,,,,
4/19/2023,15,12H,3076,,,,,,,,,
4/19/2023,15,19C,3766,,,,,,,,,
4/19/2023,15,18A,3006,,,,,,,,,
4/19/2023,15,19A,3372,,,,,,,,,
4/19/2023,15,17H,3738,,,,,,,,,
4/19/2023,15,16H,3686,,,,,,,,,
4/26/2023,15,17B,3116,3,,,,,,,,
4/26/2023,15,2I,7572,,1,,,,,,,
4/26/2023,15,1J,3882,1,,,,,,,,
4/26/2023,15,2F,3065,2,,,,,,,,
4/26/2023,15,4H,3417,1,,,,,,,,
4/26/2023,15,5H,3068,1,,,,,,,,
4/26/2023,15,4B,3659,1,,,,,,,,
4/26/2023,15,10B,3354,4,,,,,,,,big!
4/26/2023,15,11H,3401,1,1,,,,,,,
4/26/2023,15,14B,3736,2,,,,,,,,
4/26/2023,15,14C,3813,1,,,,,,,,
4/26/2023,15,15C,3455,1,,,,,,,,
4/26/2023,15,13E,3493,3,,,,,,,,
4/26/2023,15,14G,3489,1,,,,,,,,
4/26/2023,15,14H,3377,1,,,,,,,,
4/26/2023,15,17E,3491,,1,,,,,,,
4/26/2023,15,18A,3457,2,,,,,,,,
4/26/2023,15,16A,3391,1,,,,,,,,
4/26/2023,15,16G,3395,1,,,,,,,,
4/26/2023,15,10A,3673,,1,,,,,,,
4/26/2023,15,11B,3490,,,,,,,,,
4/26/2023,15,10C,3500,,,,,,,,,
4/26/2023,15,13B,3371,,,,,,,,,
4/26/2023,15,14B,3498,,,,,,,,,
4/26/2023,15,11D,3612,,,,,,,,,
4/26/2023,15,1E,7521,,,,,,,,,
4/26/2023,15,10F,3397,,,,,,,,,
4/26/2023,15,11H,3297,,,,,,,,,
4/26/2023,15,0H,3734,,,,,,,,,
4/26/2023,15,12H,3076,,,,,,,,,
4/26/2023,15,19C,3766,,,,,,,,,
4/26/2023,15,18A,3006,,,,,,,,,
4/26/2023,15,19A,3372,,,,,,,,,
4/26/2023,15,17H,3738,,,,,,,,,
4/26/2023,15,16H,3686,,,,,,,,,
5/4/2023,15,17B,3116,6,3,,,,,,,
5/4/2023,15,2I,7572,,,,,,,,,
5/4/2023,15,1J,3882,,,,,,,,,
5/4/2023,15,2F,3065,,,,,,,,,
5/4/2023,15,4H,3417,,,,,,,,,
5/4/2023,15,5H,3068,,,,,,,,,
5/4/2023,15,4B,3659,,,,,,,,,
5/4/2023,15,10B,3354,2,5,,,,,,,
5/4/2023,15,11H,3401,2,3,,,,,,,
5/4/2023,15,14B,3736,1,2,,,,,,,
5/4/2023,15,14C,3813,1,2,,,,,,,
5/4/2023,15,15C,3455,,1,,,,,,,
5/4/2023,15,13E,3493,,3,,,,,,,
5/4/2023,15,14G,3489,,1,,,,,,,
5/4/2023,15,14H,3377,1,2,,,,,,,
5/4/2023,15,17E,3491,,1,,,,,,,
5/4/2023,15,18A,3457,,2,,,,,,,
5/4/2023,15,16A,3391,,1,,,,,,,
5/4/2023,15,16G,3395,,1,,,,,,,
5/4/2023,15,10A,3673,1,1,,,,,,,
5/4/2023,15,11B,3490,,1,,,,,,,
5/4/2023,15,10C,3500,2,1,,,,,,,
5/4/2023,15,13B,3371,2,,,,,,,,
5/4/2023,15,14B,3498,,1,,,,,,,
5/4/2023,15,11D,3612,,1,,,,,,,
5/4/2023,15,1E,7521,1,,,,,,,,
5/4/2023,15,10F,3397,1,,,,,,,,
5/4/2023,15,11H,3297,1,,,,,,,,
5/4/2023,15,0H,3734,1,,,,,,,,
5/4/2023,15,12H,3076,1,,,,,,,,
5/4/2023,15,19C,3766,1,1,,,,,,,
5/4/2023,15,18A,3006,1,,,,,,,,
5/4/2023,15,19A,3372,1,,,,,,,,
5/4/2023,15,17H,3738,,1,,,,,,,
5/4/2023,15,16H,3686,,2,,,,,,,
5/10/2023,15,17B,3116,1,8,,,,,,,
5/10/2023,15,2I,7572,,,,,,,,,
5/10/2023,15,1J,3882,,,,,,,,,
5/10/2023,15,2F,3065,,,,,,,,,
5/10/2023,15,4H,3417,,,,,,,,,
5/10/2023,15,5H,3068,,,,,,,,,
5/10/2023,15,4B,3659,,,,,,,,,
5/10/2023,15,10B,3354,6,5,,,,,,,
5/10/2023,15,11H,3401,,6,,,,,,,
5/10/2023,15,14B,3736,1,4,,,,,,,
5/10/2023,15,14C,3813,3,,,,,,,,
5/10/2023,15,15C,3455,,1,,,,,,,
5/10/2023,15,13E,3493,4,3,,,,,,,
5/10/2023,15,14G,3489,,1,,,,,,,
5/10/2023,15,14H,3377,1,2,,,,,,,
5/10/2023,15,17E,3491,1,2,,,,,,,
5/10/2023,15,18A,3457,1,2,,,,,,,
5/10/2023,15,16A,3391,1,1,,,,,,,
5/10/2023,15,16G,3395,1,2,,,,,,,
5/10/2023,15,10A,3673,1,1,,,,,,,
5/10/2023,15,11B,3490,2,1,,,,,,,
5/10/2023,15,10C,3500,2,2,,,,,,,
5/10/2023,15,13B,3371,,2,,,,,,,
5/10/2023,15,14B,3498,,1,,,,,,,
5/10/2023,15,11D,3612,2,1,,,,,,,
5/10/2023,15,1E,7521,,1,,,,,,,
5/10/2023,15,10F,3397,,1,,,,,,,
5/10/2023,15,11H,3297,1,,,,,,,,
5/10/2023,15,0H,3734,,1,,,,,,,
5/10/2023,15,12H,3076,,1,,,,,,,
5/10/2023,15,19C,3766,,2,,,,,,,
5/10/2023,15,18A,3006,,1,,,,,,,
5/10/2023,15,19A,3372,,1,,,,,,,
5/10/2023,15,17H,3738,2,1,,,,,,,
5/10/2023,15,16H,3686,1,2,,,,,,,
5/15/2023,15,17B,3116,,6,,3,,,,,
5/15/2023,15,2I,7572,,,,,,,,,
5/15/2023,15,1J,3882,,,,,,,,,
5/15/2023,15,2F,3065,,,,,,,,,
5/15/2023,15,4H,3417,,,,,,,,,
5/15/2023,15,5H,3068,,,,,,,,,
5/15/2023,15,4B,3659,,,,,,,,,
5/15/2023,15,10B,3354,1,6,,5,,,,,
5/15/2023,15,11H,3401,1,4,,2,,,,,
5/15/2023,15,14B,3736,,4,,1,,,,,
5/15/2023,15,14C,3813,1,2,,2,,,,,
5/15/2023,15,15C,3455,,1,,1,,,,,
5/15/2023,15,13E,3493,3,1,,3,,,,,
5/15/2023,15,14G,3489,,,,1,,,,,
5/15/2023,15,14H,3377,1,1,,2,,,,,
5/15/2023,15,17E,3491,,2,,1,,,,,
5/15/2023,15,18A,3457,3,,,2,,,,,
5/15/2023,15,16A,3391,,1,,1,,,,,
5/15/2023,15,16G,3395,,2,,1,,,,,
5/15/2023,15,10A,3673,,1,,1,,,,,
5/15/2023,15,11B,3490,,2,,1,,,,,
5/15/2023,15,10C,3500,,3,,1,,,,,
5/15/2023,15,13B,3371,,3,,,,,,,
5/15/2023,15,14B,3498,1,,,1,,,,,
5/15/2023,15,11D,3612,,2,,1,,,,,
5/15/2023,15,1E,7521,,1,,,,,,,
5/15/2023,15,10F,3397,1,1,,,,,,,
5/15/2023,15,11H,3297,,,,,,,,,stalk clipped
5/15/2023,15,0H,3734,,,,1,,,,,
5/15/2023,15,12H,3076,1,1,,,,,,,
5/15/2023,15,19C,3766,3,2,,,,,,,
5/15/2023,15,18A,3006,1,1,,,,,,,
5/15/2023,15,19A,3372,2,1,,,,,,,
5/15/2023,15,17H,3738,,2,,1,,,,,
5/15/2023,15,16H,3686,2,,,2,,,,,
5/26/2023,15,17B,3116,,,,,,7,2,,
5/26/2023,15,2I,7572,,,,,,,,,
5/26/2023,15,1J,3882,,,,,,,,,
5/26/2023,15,2F,3065,,,,,,,,,
5/26/2023,15,4H,3417,,,,,,,,,
5/26/2023,15,5H,3068,,,,,,,,,
5/26/2023,15,4B,3659,,,,,,,,,
5/26/2023,15,10B,3354,,,,,,7,4,,
5/26/2023,15,11H,3401,,,,1,,5,,,
5/26/2023,15,14B,3736,,,,,,5,1,,
5/26/2023,15,14C,3813,,,,1,,3,1,,
5/26/2023,15,15C,3455,,,,,,1,1,,
5/26/2023,15,13E,3493,,,,,,7,,,
5/26/2023,15,14G,3489,,,,,,1,,,
5/26/2023,15,14H,3377,,,,2,,2,1,,
5/26/2023,15,17E,3491,,,,,,3,,,
5/26/2023,15,18A,3457,,,,,,4,1,,
5/26/2023,15,16A,3391,,,,,,1,1,,
5/26/2023,15,16G,3395,,,,1,,2,,,
5/26/2023,15,10A,3673,,,,,,2,,,
5/26/2023,15,11B,3490,,,,,,2,1,,
5/26/2023,15,10C,3500,,,,,,3,1,,
5/26/2023,15,13B,3371,,,,,,3,,,
5/26/2023,15,14B,3498,,,,,,,2,,
5/26/2023,15,11D,3612,,,,1,,2,,,
5/26/2023,15,1E,7521,,,,,,1,,,
5/26/2023,15,10F,3397,,,,1,,1,,,
5/26/2023,15,11H,3297,,,,,,,,,
5/26/2023,15,0H,3734,,,,1,,,,,
5/26/2023,15,12H,3076,,,,,,1,,,
5/26/2023,15,19C,3766,,,,,,3,2,,
5/26/2023,15,18A,3006,,,,,,1,1,,
5/26/2023,15,19A,3372,,,,,,3,,,
5/26/2023,15,17H,3738,,,,,,2,1,,
5/26/2023,15,16H,3686,,,,,,4,,,
6/4/2023,15,17B,3116,,,,,,7,2,,
6/4/2023,15,2I,7572,,,,,,,,,
6/4/2023,15,1J,3882,,,,,,,,,
6/4/2023,15,2F,3065,,,,,,,,,
6/4/2023,15,4H,3417,,,,,,,,,
6/4/2023,15,5H,3068,,,,,,,,,
6/4/2023,15,4B,3659,,,,,,,,,
6/4/2023,15,10B,3354,,,,,,7,4,,
6/4/2023,15,11H,3401,,,,,,5,1,,
6/4/2023,15,14B,3736,,,,,,4,2,,
6/4/2023,15,14C,3813,,,,,,2,3,,
6/4/2023,15,15C,3455,,,,,,1,1,,
6/4/2023,15,13E,3493,,,,,,7,,,
6/4/2023,15,14G,3489,,,,,,1,,,
6/4/2023,15,14H,3377,,,,,,2,2,,
6/4/2023,15,17E,3491,,,,,,2,1,,
6/4/2023,15,18A,3457,,,,,,3,2,,
6/4/2023,15,16A,3391,,,,,,1,1,,
6/4/2023,15,16G,3395,,,,,,2,1,,
6/4/2023,15,10A,3673,,,,,,1,,1,
6/4/2023,15,11B,3490,,,,,,1,2,,
6/4/2023,15,10C,3500,,,,,,3,1,,
6/4/2023,15,13B,3371,,,,,,3,,,
6/4/2023,15,14B,3498,,,,,,,,,stalk broken
6/4/2023,15,11D,3612,,,,,,2,1,,
6/4/2023,15,1E,7521,,,,,,1,,,
6/4/2023,15,10F,3397,,,,,,1,1,,
6/4/2023,15,11H,3297,,,,,,,,,
6/4/2023,15,0H,3734,,,,,,,1,,
6/4/2023,15,12H,3076,,,,,,1,,,
6/4/2023,15,19C,3766,,,,,,,5,,
6/4/2023,15,18A,3006,,,,,,1,1,,
6/4/2023,15,19A,3372,,,,,,3,,,
6/4/2023,15,17H,3738,,,,,,2,1,,
6/4/2023,15,16H,3686,,,,,,2,2,,
4/19/2023,15,16J,3482,,,,,,,,,
4/19/2023,15,15H,3481,,,,,,,,,
4/19/2023,15,15H,3581,,,,,,,,,
4/19/2023,15,15J,3047,,,,,,,,,
4/19/2023,15,10D,3737,,,,,,,,,
4/19/2023,15,16B,3446,,,,,,,,,
4/19/2023,15,17J,3384,,,,,,,,,
4/19/2023,15,14B,3368,,,,,,,,,
4/19/2023,15,17J,3436,,,,,,,,,
4/26/2023,15,16J,3482,,,,,,,,,
4/26/2023,15,15H,3481,,,,,,,,,
4/26/2023,15,15H,3581,,,,,,,,,
4/26/2023,15,15J,3047,,,,,,,,,
4/26/2023,15,10D,3737,,,,,,,,,
4/26/2023,15,16B,3446,,,,,,,,,
4/26/2023,15,17J,3384,,,,,,,,,
4/26/2023,15,14B,3368,,,,,,,,,
4/26/2023,15,17J,3436,,,,,,,,,
5/4/2023,15,16J,3482,1,,,,,,,,
5/4/2023,15,15H,3481,1,,,,,,,,
5/4/2023,15,15H,3581,1,,,,,,,,
5/4/2023,15,15J,3047,1,,,,,,,,
5/4/2023,15,10D,3737,,,,,,,,,
5/4/2023,15,16B,3446,,,,,,,,,
5/4/2023,15,17J,3384,1,,,,,,,,
5/4/2023,15,14B,3368,,,,,,,,,
5/4/2023,15,17J,3436,,,,,,,,,
5/10/2023,15,16J,3482,,1,,,,,,,
5/10/2023,15,15H,3481,1,1,,,,,,,
5/10/2023,15,15H,3581,,2,,,,,,,
5/10/2023,15,15J,3047,1,1,,,,,,,
5/10/2023,15,10D,3737,2,,,,,,,,
5/10/2023,15,16B,3446,1,,,,,,,,
5/10/2023,15,17J,3384,,1,,,,,,,
5/10/2023,15,14B,3368,,,,,,,,,
5/10/2023,15,17J,3436,,,,,,,,,
5/15/2023,15,16J,3482,1,,,2,,,,,
5/15/2023,15,15H,3481,,,,,,,,,stem clipped
5/15/2023,15,15H,3581,1,1,,1,,,,,
5/15/2023,15,15J,3047,,2,,1,,,,,
5/15/2023,15,10D,3737,,2,,,,,,,
5/15/2023,15,16B,3446,,1,,,,,,,
5/15/2023,15,17J,3384,,1,,,,,,,
5/15/2023,15,14B,3368,,1,,,,,,,
5/15/2023,15,17J,3436,,1,,,,,,,
5/26/2023,15,16J,3482,,,,1,,1,,,
5/26/2023,15,15H,3481,,,,,,,,,
5/26/2023,15,15H,3581,,,,2,,1,,,
5/26/2023,15,15J,3047,,,,1,,2,,,
5/26/2023,15,10D,3737,,,,,,2,,,
5/26/2023,15,16B,3446,,,,,,1,,,
5/26/2023,15,17J,3384,,,,,,1,,,plant gone
5/26/2023,15,14B,3368,,,,,,,,,
5/26/2023,15,17J,3436,,,,,,1,,,
6/4/2023,15,16J,3482,,,,,,1,1,,
6/4/2023,15,15H,3481,,,,,,,,,
6/4/2023,15,15H,3581,,,,,,1,2,,
6/4/2023,15,15J,3047,,,,,,2,1,,
6/4/2023,15,10D,3737,,,,,,2,,,
6/4/2023,15,16B,3446,,,,,,1,,,
6/4/2023,15,17J,3384,,,,,,1,,,
6/4/2023,15,14B,3368,,,,,,,,,
6/4/2023,15,17J,3436,,,,,,1,,,
